id,full_text,label,confidence
TXT0001,mbg di sekolah kota saya belum ada yang  dapat  malahan🤧,Distribusi,0.9037
TXT0002,wkwkkdidaerah ku pun yang  dapat mbg baru beberapa sekokah ˙˙,Distribusi,0.9036
TXT0003,"tahi  tahu tidak  ,gak semua sekolah dapat mbg dan masakan mbg asal tidak enak anak saja  sampai tidak mau makan",Kualitas Pangan,0.8626
TXT0004,"gencar cegah stunting, mbg telah capai 49% sasaran ibu hamil &amp; balita",Sasaran Penerima,0.9453
TXT0005,140 siswa kupang keracunan program mbg,Kualitas Pangan,0.859
TXT0006,"mohon diloloskan min,, kejadian makan bergizi gratis berbelatung, kejadian tersebut terjadi di salah satu sekolah di muntilan magelang harap berhati hati kepada masyarakat terutama yang menerima program makan bergizi gratis. tolong pihak yang berwenang agar lebih diperhatikan",Kualitas Pangan,0.8628
TXT0007,luar biasa putra bangsa miklos sunario berbicara ttng program mbg di depan presiden czech petr pavel,Politik,0.9104
TXT0008,kegagalan elu. bohong  saja  19 juta lapangan pekerjaan. makan itu  mbg,Ekonomi,0.6508
TXT0009,impor sapi demi mbg tuh yang  di kasih apanya dagingnya susunya apa kotorannya,Kualitas Pangan,0.8625
TXT0010,yang  urus  mbg kan nu..apalagi kejadian ini di jawa timur. mau berharap apa? yang  korup dana haji saja  tidak ditangkep2 sampai  skrg. negeri ini memang  sudah rusak serusak2nya. semoga allah menimpakan azab ke mereka2 aja. janganlah azab seluruh negeri. amin ,Tata Kelola,0.948
TXT0011,dan mendikdasmen nya tak berdaya di saat ribuan siswa telah  banyak  keracunan mbg,Kualitas Pangan,0.8511
TXT0012,mbg ku mana woo,Lainnya,0.9196
TXT0013,egk sih ini program mengajar mbg dari  kementerian,Tata Kelola,0.7389
TXT0014,mbg buat guru?,Sasaran Penerima,0.95
TXT0015,"bri biayai umkm di kepulauan, dukung dapur mbg",Distribusi,0.8537
TXT0016,"mbg, makanan bergizi tidak tuh? hehe",Kualitas Pangan,0.8584
TXT0017,saya yang  ngebantu beresin mirip  anjir ini ayam sama tahunya hanya digigit saja  otomatis nasinya juga utuh mbg ini mending diganti makan buah gratis saja  tidak sih,Kualitas Pangan,0.8602
TXT0018,"ya allah saya yang  liat sendiri sekolah swasta kecil pada megap2 menuhin honor guru dan tendik, ada yang  honornya per bulan paling 300 ribu  atau 500 rb, dan mau dipotong segede itu buat mbg? riil saya liat realisasinya waktu monev bos, miris. ini pemerintah laknat saja  lah ya allah",Anggaran,0.5616
TXT0019,"malah tambah gizi gus, kan mbg kui makan belatung gratis 🤣",Kualitas Pangan,0.8535
TXT0020,"dia nih goblok njir tidak mikir kedepannya gimana, kamu bisa tidak sih liat kenyataan mbg tuh jelek? stop ngeliat angka saja  goblok males",Kualitas Pangan,0.8013
TXT0021,"kamu cek pengeluaran buat program flagship wowo, mbg. at the very least anies ganjar tidak akan bikin spending konyol ky begitu ",Anggaran,0.9062
TXT0022,"menko polkam: mbg diperluas, ketahanan gizi jadi prioritas nasional",Sasaran Penerima,0.9347
TXT0023,"korban keracunan mbg di sragen tembus 365 orang, dprd panggil kepala dapur sppg mitra mandiri 1 gemolong -",Kualitas Pangan,0.857
TXT0024,"presiden prabowo siapkan rp1.376 triliun untuk bansos, makan bergizi gratis hingga subsidi energi",Anggaran,0.9065
TXT0025,"prediksi saya sejak awal tidak meleset ""mbg rawan korupsi..!"" sebaiknya dihentikan saja.",Politik,0.5043
TXT0026,"sekolah rakyat tuh bukti kalau negara hadir buat semua, bukan cuma yang di kota. salut , terus lanjutkan!",Sasaran Penerima,0.6698
TXT0027,"di citos ini kok banyak kali emak2 jualan proyek ya? mana jualannya proyek mbg semua, fenomena apa ini 🤔🤔",Kualitas Pangan,0.6352
TXT0028,gara gara ikn mbg pensiunan presiden pensiunan dewan dan nombok angaran negara yang  dikorupsi semua akhirnya dipajaki,Tata Kelola,0.5566
TXT0029,mbg una,Lainnya,0.9244
TXT0030,"bilangnya maksain, padahal niatnya biar anak2 tetap makan pas libur. tapi ya kalau laporan fiktif mah wajib diusut juga. lanjutkan mbg, tapi bersihin yang  numpang nguntungin.",Distribusi,0.91
TXT0031,siswa keracunan menu mbg kok dibilang belum terbiasa. belum terbiasa keracunan maksudnya ? mengapa ya sekarang ini menteri2nya prabowo kalau bicara asal jeplak tidak pakai nalar. ujung-ujungnya nanti kalau diprotes banyak netizen pasti minta maaf.,Kualitas Pangan,0.8619
TXT0032,"dalam diskusi kali ini, natasya menjelaskan temuan penelitiannya berjudul ""refleksi program makan bergizi gratis: siapkah menjawab tantangan stunting di indonesia?""",Sasaran Penerima,0.9463
TXT0033,"kasihan  buzzer mbg, dalam hati sebenarnya  mh ingin misuh misuhh",Lainnya,0.924
TXT0034,mbg jadi motor penggerak ekonomi pangan lokal,Ekonomi,0.9752
TXT0035,"betul, buru2 lulus biar tidak dapat  mbg lagi🫰",Distribusi,0.906
TXT0036,"porsi mbg di rapbn pendidikan 2026 turun jadi 29%, anggaran guru-dosen naik",Anggaran,0.9046
TXT0037,makan bergizi gratis,Lainnya,0.9248
TXT0038,"mbg apaan isinya burger murah+telor rebus. mending bikin burger di rumah sendiri, kaya protein dan serat.",Kualitas Pangan,0.8595
TXT0039,jangan woylah.. anaku mbg.nya utuh. tidak suka  katanya. dimakan buahnya doang..,Kualitas Pangan,0.8579
TXT0040,"tidak semua sekolah dapet, ponakan2 ku dari sd,smp sama sma tuh sampai sekarang tidak pernah dapat  mbg wkwkwkwk makanya dibawain bekal sama mama nya",Distribusi,0.9037
TXT0041,"bisa tidak sih orang orang menaruh amarah dan kebencian mereka di tempat yang seharusnya? noh data pribadi kamu mau disebar sama pemerintah yang lagi berkuasa, banyak anak-anak keracunan mbg, kamu main sosmed mau dipajakin. fokus ke situ instead of hating an unemployed??",Politik,0.9182
TXT0042,merdeka bahlil gibran disingkat mbg,Lainnya,0.9254
TXT0043,"prabowo-gibran cocok saat ini karena pengalaman prabowo di militer dan pertahanan mendukung stabilitas, sementara gibran bawa kontinuitas jokowi untuk infrastruktur, transisi energi, dan program sosial seperti makan bergizi gratis—membangun fondasi ekonomi kuat. setelah fondasi",Politik,0.9168
TXT0044,"dan ya sudah dapat  disimpulkan kalau  negara tidak bner2 prioritasin rakyatnya, atau karena ngelola keuangannya tidak efisien (?) (apbn dikuras buat mbg sama  danantara yang  anggarannya setinggi langit). gphm lagi  gw..",Anggaran,0.9023
TXT0045,"saya paham kekhawatiran anda soal insiden keracunan di sragen yang menimpa ratusan siswa dari program mbg. ini bukti tantangan implementasi, tapi bukan kegagalan total—pemerintah sudah hentikan distribusi sementara dan perbaiki sop. klaim bocor 30% dari rp10rb tak didukung data;",Tata Kelola,0.8122
TXT0046,"mbg sebenarnya program yang baik di rangkaian tugas negara untuk mencerdaskan kehidupan bangsa melalui makanan bergizi, asal dilakukan dengan  tepat. 1. tunjuk warung2 makan sekitar yang  eksisting &gt; 12 bln, teruji memang pelaku usaha dibidangnya. beri clue menu termasuk budgetnya",Tata Kelola,0.9219
TXT0047,mending organ tubuh kamu dijual buat nambahin biaya mbg,Anggaran,0.9107
TXT0048,saat ini sedang dikaji akan diberikan kepada bumil dan menyusui.lanjutkan mbg,Distribusi,0.9054
TXT0049,mbg maksud lu? genap tahi ,Lainnya,0.9265
TXT0050,"program yang  sangat mubazir, bagaimana tidak kasus makanan mbg tidak layak dikonsumsi semakin hari semakin buruk",Kualitas Pangan,0.8605
TXT0051,"keterlaluan! kek menghina sekali  ya pejabat satu ini.dia menganggap semua anak yang  dapat  bantuan mbg tidak pernah makan enak jangan keterlaluan lah dalam  memberi statement,pak zul kan pejabat,gak pantas menghina rakyat",Politik,0.6417
TXT0052,"ya seenggaknya program bodoh kek mbg, koperasi merah putih, dan program mercusuar lain belum tentu bakal dijalankan, jadi anggaran duit bisa dialihkan ke hal lain, pendidikan misalnya, bukan naikin gaji dpr.",Anggaran,0.9058
TXT0053,hari rabu nih makanan  gratis di jateng kab banjarnegara kec banjarmangu kel banjarkulon nih makan  gratis di pemprintshan prabowo ini sampah tidak layak makan bergizi gratis,Distribusi,0.9025
TXT0054,"pendukung 01 dan 03 menolak mbg karena  paham bakal jadi bancakan korupsi, tapi bagi pendukung 02 mbg adalah program kerakyatan maha hebat yang  harus didukung. terbukti kan, maha hebat bodohnya?",Politik,0.9148
TXT0055,siswa smk di tuban dipanggil guru buku  usai video menu mbg berbelatung viral di medsos..,Kualitas Pangan,0.86
TXT0056,"misal menaikkan gaji guru, baju sekolah gratis, perlengkapan sekolah gratis, membangun sekolah di setiap daerah. hal tersebut tidak dilakukan setiap hari (tidak seperti mbg yang makan biaya setiap hari) dan pendidikan gratis menciptakan manusia yang ber akal untuk indonesia",Anggaran,0.9128
TXT0057,"dorong akses gizi, program mbg disambut antusiasme warga kediri",Sasaran Penerima,0.843
TXT0058,mbg = makan bersyukur gratis mau  ada belatung pun kudu tetap  bersyukur karena  gratis ye pak?,Kualitas Pangan,0.8559
TXT0059,forum konsumen berdaya indonesia (fkbi) menyampaikan keprihatinan atas temuan investigatif indonesia business post terkait dugaan pelanggaran serius dalam pengadaan food tray,Tata Kelola,0.9465
TXT0060,bahas mbg ? bahas pengangguran terendah ?,Politik,0.9158
TXT0061,demi mbg yang nguras anggaran. jadi rakyat yang diperas. 🤣,Anggaran,0.9052
TXT0062,"haha, oke bro ndorobey_ix, saya cek sentimen di x soal kepuasan terhadap  pemerintahan prabowo 2025. dari 20 post relevan: 45% positif (approval 80-90%, program makan gratis sukses), 35% negatif (ekonomi lambat 4.8%, rupiah lemah, phk tinggi), sisanya campur. mayoritas puas, tapi kritik",Politik,0.9132
TXT0063,guru dikorbankan mulu..bubar saja  mbg,Lainnya,0.9255
TXT0064,mbg kiriman indonesia itu dok,Distribusi,0.8999
TXT0065,per porsi mbg rp 10.00 lah minta ganti rugi rp 80.00/porsi ya allah .. benar-benar  pejabat sekarang tukang palak semua,Anggaran,0.9061
TXT0066,"bjir lah, kebagian mbg 🤣",Lainnya,0.9269
TXT0067,"badan gizi nasional (bgn) akhirnya merespons kasus keracunan makan bergizi gratis (mbg) yang dialami ratusan pelajar smp di kota kupang dan puluhan pelajar sma di kabupaten sumba barat daya di nusa tenggara timur (ntt) pada juli lalu. ""pertama-tama dari badan gizi nasional,",Kualitas Pangan,0.8531
TXT0068,bhabinkamtibmas kalurahan purwomartani i aiptu purwadi bersama babinsa kalurahan purwomartani serda afnan syafi'i melaksanakan sambang kegiatan pendistribusian makan bergizi gratis (mbg) di smp negeri 3 kalasan. kamis (7/8),Distribusi,0.8996
TXT0069,"tom lembong tidak ambil untung sedikitpun, hanya diduga bikin pihak swasta kaya dipenjara sedangkan yang  bikin amerika kaya raya dengan  bebasin tarif, beli teknologi sana, terus racunin rakyat dengan mbg nya malah bebas berkeliaran",Politik,0.9156
TXT0070,"babinsa koramil 1411-04/ujung bulu dampingi program makan gratis di sd 172 borong kalukue bulukumba — serda muh. samir, melaksanakan kegiatan pendampingan program makan gratis dari pemerintah di sdn 172 borong kalukue, di kelurahan terang terang, jumat (8/8/2025).",Distribusi,0.9028
TXT0071,serius ini?? orang kantor saya voters 02 baru dengar soal “mbg” baru dengar  juga soal berita keracunan mbg kemana saja ,Kualitas Pangan,0.8593
TXT0072,"pihak catering pun banyak yang licik. mesan bahan makanan beli paling jelek kualitasnya makanya banyak yang  keracunan, mana harga bahannya nanti di markup. makanya saya bilang  proyek mbg ini  isinya korupsi dari atas sampai bawah",Tata Kelola,0.9515
TXT0073,anak-anak sekolah lah. lanjutkan mbg,Distribusi,0.9063
TXT0074,astaghfirullahalazim laknat sekali  sudah mbg ini demi tuhan,Lainnya,0.9092
TXT0075,"tapi itu kelihatan  niat, dan kelihatan  enakkss. yang kecil malah punyamu ya fik? kalau adik  sama bapaknya yang  mbg?",Kualitas Pangan,0.8532
TXT0076,"ini negara apa woy hamil di luar nikah jadi topik utama, korupsi, wamen rangkap jabatan, mbg keracunan, dll. dimana bagusnya ya allah. sepertinya hanya allah yang bisa membalas mereka2 karena sbgi rakyat cilik wes tidak enek regone",Politik,0.9166
TXT0077,nurhadi soroti dugaan adanya permainan di balik dapur fiktif mbg,Tata Kelola,0.9374
TXT0078,mbg mirip  meracun massal,Kualitas Pangan,0.8579
TXT0079,kapan grievingnya? pemerintah ngeliat anak sekolah ribuan keracunan mbg saja  masih tidak ada empatinya,Kualitas Pangan,0.8578
TXT0080,kalau  anakku dapat  mbg sudah tk suruh tidak ush makan. kejadian berkali kali kok tidak ada evaluasi dari  bgn. ini program cuma jadi katrol pemilu,Tata Kelola,0.4254
TXT0081,mbg banyak racun nya dan berbelatung begitu masih dipertahankan?? wah benar-benar ingin membubarkan negara ini. masa rakyat diam saja nih?,Kualitas Pangan,0.836
TXT0082,mbg ajach hanya hasil ngutang jadi taik semalam ayo fokus saja 5x ikut pilpres cukong2 penyandang dana harus  balik modal plus marjin maximal dalam  tempo yang  sesingkat singkatnya,Anggaran,0.9023
TXT0083,antri mbg,Lainnya,0.928
TXT0084,yang  kecil dicekokin mbg,Lainnya,0.9212
TXT0085,"lho, kabinet prabowo iki wis nggawe cadangan pangan paling dhuwur sak sejarah, program makan bergizi gratis tekan 6 yuta wong, investasi ngluwihi target awal, lan mbangun 37 proyek listrik gedhe 3,2 gw. wong korupsi mah tetap  ana, tapi kerjo iki sik angel ditampik, rek!",Politik,0.9161
TXT0086,dia merasa pandai dengan mbg unfaedah ber anggaran rp.356 triliun. yang menjerat rakyat indonesia dengan pajak ugal-ugalan. untuk membiayai ambisi tidak tepat sasaran dari prabowo.,Anggaran,0.907
TXT0087,"curiga, ngana ikut makan  jatah mbg? konon kbrnya orang yang  makan  mbg bakal cerdas matematikanya dang.. 🤭🤣🤪",Kualitas Pangan,0.8584
TXT0088,"liahat tuh gibran makannya bergizi sepanjang hari, kadar gizinya melebihi gizi mbg tapi kenapa gobloknya di atas rata2, sampai dia mau kasih asam sulfat ke ibu hamil. kalian makan bergizi apapun itu kalau tidak rajin belajar yakin kalian akan dungu seperti gibran ~ emak ceriwis",Kualitas Pangan,0.8582
TXT0089,mbg: makan beracun gratis,Kualitas Pangan,0.8536
TXT0090,"anak sekarang  itu selera lidahnya sudah beda dalam  merasakan makanan bang. wong biasa makan siomay, mie goncang, seblak dsb. dengan  menu mbg ya banyak  yang  tidak mau. pakai  lauk telur  saja banyak  yang  tidak dimakan. yang  panen gurunya",Kualitas Pangan,0.8629
TXT0091,"bukan mbg ini namanya, harusnya mkr(makanan keracunanan mematikan), besar pula itu anggaran nya..",Anggaran,0.9097
TXT0092,mbg = makan belatung gratis,Kualitas Pangan,0.8563
TXT0093,"ya karena disetiap aspeknya dipikirkan dengan matang bukan cuma gendutin kabinet, mbg yang  tidak  jelas, ikn yang  mangkrak, pendidikan yang  tidak merata dan berganti terus menerus. tolong  lah berbenah tolong kawan.",Tata Kelola,0.9168
TXT0094,"beda, mas. di negara korupsi rendah seperti singapura, program mbg cenderung berkualitas tinggi karena pengelolaan transparan, sehingga nutrisi optimal tingkatkan kecerdasan siswa (studi global tunjukkan). di korupsi tinggi seperti nigeria, korupsi sebabkan makanan buruk/ tidak",Tata Kelola,0.5969
TXT0095,mbg.. makanan beracun gaess !,Kualitas Pangan,0.854
TXT0096,"apakah mbg nya diantar ke rumah masing-masing siswa ketika masa liburan ini ?? .. kalau iya berarti oke karena tak mungkin kan siswanya ke sekolah, tetapi kalau tidak ya mubazir kan ??! ..",Distribusi,0.9066
TXT0097,memang kpi nya bangun  itu target dalam  angka penerima kok. dan ini keliru sangat  mnurutku. mestinya kpinya tuh parameter status gizi anak before after dapat  mbg gmn. ngaruh tidak,Sasaran Penerima,0.9414
TXT0098,"saya paham kekhawatiran anda. politikisasi memang bisa rusak program baik seperti mbg, yang bertujuan lawan stunting tapi kini hadapi kasus keracunan (misalnya di sumatra selatan &amp; jawa barat), korupsi potensial (kpk temukan irregularitas), dan pemotongan anggaran rp306t dari",Politik,0.9114
TXT0099,"nahh ini, dari  awal mikir kenapa tidak kerjasama sama  ibu2 kantin di sekolah yang  mungkin mereka jadi salah satu yang  dirugikan karena  mbg",Tata Kelola,0.9495
TXT0100,yang join dapat  mbg (momen berharga gratis),Distribusi,0.7637
TXT0101,"semenjak ikn banyak dana pembangunan ke daerah distop dan dipotong. sekarang untuk mbg. ya selamat makan  kebijakan presiden pilihan silent majority. katanya kan ""siapa pun presidennya tetap  cari makan sendiri"" bagaimana  sekarang  rasanya makin susah cari makan?",Anggaran,0.9088
TXT0102,"tergantung pabriknya kak.. tidak semua sus304 pakai  minyak babi. ada yang  pakai  minyak mineral &amp; nabati kok. ya kalau  produknya diproduksi di pabrik rumahan ya sama kaya foodtray mbg ya sama2 pakai  minyak babi. mending email ke company nya aja, tanyain soal itu",Kualitas Pangan,0.8451
TXT0103,makin banyak pr buat nutritionist se indonesia kalau  pemerintah kasih  mbg saja  masi jajan warung gini,Ekonomi,0.8301
TXT0104,"oh.. thats why mbg itu kelihatan  tidak layak makanannya ya.. mostly dapurnya tidak di bayar, mau tidak mau ambil  bagian sedikit dari totalan pagu nya.. demn.. dengar  ginian saja  saja  saya merinding",Kualitas Pangan,0.8314
TXT0105,"dan bukan seluruhnya untuk peserta didik, dari nilai paket mbg saja  1/3 nya untuk operasional dan margin profit vendor. 10k untuk makanan 3k untuk operasional 2k untuk sewa/profit evaluasi mbg, cuma jadi makanan yang dibuang sia2",Anggaran,0.9004
TXT0106,"terkait biaya apbn menkeu sudah siapkan mbg rp.240t menjadi program prioritas pres hanya tahun selanjutnya untuk sumber apbn, menkeu smi ikut menentukan kontrak minerba, salah satu sumber penerimaan apbn. waktu orde baru menkeu mentukan sumber dana minerba.",Anggaran,0.9068
TXT0107,"orang tua yang gag paham pentingnya gizi nutrisi buat anak anaknya masukin ke barak saja  dapat mbg malah kesal karena anaknya lebih suka mie instant, fried chicken wkwkwkwk nanti  kalok sakit jangan pakai  bpjs yaakk",Kualitas Pangan,0.856
TXT0108,"wahai saudara, dengarlah kisah pilu di zaman moden ini, bagai pantun lama yang berulang. empat orang murid, bagai pahlawan kecil, merakamkan gambar belatung yang merayap di hidangan sekolah mereka, mbg namanya. lalu guru buku  memanggil mereka, mungkin kerana keberanian itu",Kualitas Pangan,0.8549
TXT0109,itu nanti buat mbg makan berbabi gratis,Lainnya,0.9087
TXT0110,awowkwok yang  dihantem kalau  apbn banyak pengeluaran tuh rakyat. tapi kalau  soal mbg atau dpr diam  saja ,Anggaran,0.9037
TXT0111,mbg.. jadi jelek kesan nya.. karena ada belatung.. ‼ dan tiba tiba muncul lah pahlawan yang  membagi bagi nasi kotak.. dia adalah capres 2029,Kualitas Pangan,0.8591
TXT0112,makin terlihat indonesia melangkah maju berkat mbg program andalan presiden prabowo,Politik,0.9132
TXT0113,"imo programni si bagus saja  masi lumayan bermanfaat karena  banyak  anak dirumahnya gd makanan, tapi karena  orang orang pada tamak yang  kena imbas anak anak yang  dikasi mbg. gizi gadapat, yang  ada mubazir itu  makanan semua. siapa anjir yang  mau makanan ada belatung 🤮",Kualitas Pangan,0.8541
TXT0114,masuk akal..? bertahun2 kita impor beras.. tiba2 satu kwartal dinyatakan surplus beras.. negara lain perlu 11 tahun program mbg.. kita cukup satu semester .. masuk akal? dan kita percaya..?,Anggaran,0.8875
TXT0115,kalau  mbg kayak  gini tiap hari saya sih yes yes saja ,Kualitas Pangan,0.7544
TXT0116,mbg day 2,Lainnya,0.9279
TXT0117,"""kalo"" sesuai target. tapi di lapangan tidak seperti itu. kamu sudah liat kan berapa  ratus anak yang  kena racun makanan, berapa  anak di kelas  yang  menolak mbg karena  tidak sesuai selera, berapa  puluh sekolah yang  belum kebagian mbg, berapa  catering yang  belum  di lunasi pembayarannya sama  pemerintah-",Distribusi,0.7449
TXT0118,"dari walang tengah, gubernur maluku letakkan pondasi harapan dapur mbg untuk anak negeri sbt",Ekonomi,0.8332
TXT0119,300t buat mbg itu benar-benar  ngerusak nalar,Anggaran,0.8991
TXT0120,"program mbg pr nya masih banyak , keracunan",Kualitas Pangan,0.8595
TXT0121,"data tenaga kerja itu masih menjadi tanda tanya. sebab, status tenaga kerja baru tersebut tidak diungkapkan secara jelas, apakah mereka bekerja paruh waktu, kontrak, atau hanya relawan program. di sisi lain, program mbg yang menyerap dana jumbo hingga rp 171 triliun pada 2025",Tata Kelola,0.9037
TXT0122,ketua lma ambel waigeo dukung program mbg,Lainnya,0.6053
TXT0123,mbg tingkatkan kualitas gizi anak indonesia,Sasaran Penerima,0.9488
TXT0124,korupsi di depan mata dan dengan terang2an loh mbg ini.. korupsi kualitas dan kuantitas,Politik,0.8296
TXT0125,saya bakal update mbg setiap hari sampai  tidak dikasih lagi alias saya takut keracunan anj wkowkwowkwk,Kualitas Pangan,0.8578
TXT0126,"menu mbg hari ini enak, kenapa saya tidak sekolah  ya",Kualitas Pangan,0.8588
TXT0127,mbg itu makan bergizi gratis atau makan beracun gratis sih sudah banyak kasus keracunan di berbagai tempat bahkan makanan tak layak makan sampai berbelatung,Kualitas Pangan,0.8585
TXT0128,wooii.. baca uud'45 dulu : pasal 34 ayat (1) undang-undang dasar negara republik indonesia tahun 1945 mengamanatkan kewajiban negara untuk memelihara fakir miskin dan anak terlantar harusnya dana mbg untuk mereka,Anggaran,0.9038
TXT0129,masih untung kebagian mbg walaupun berbelatung.. di bekasi barangnya tidak terima tapi disuruh tandatangan tanda terima 🤪,Kualitas Pangan,0.8621
TXT0130,"dalam aspek pendidikan gizi, natasya menjelaskan bahwa ini belum terintegrasi secara sistematis dalampelaksanaan mbg di sekolah. diperlukan edukasi berbasis roleplay, integrasi dengan konsumsi ttd, menumbuhkan motivasi makan sehat.",Tata Kelola,0.7055
TXT0131,ini mbg bisa di stop tidak sih??,Lainnya,0.427
TXT0132,wkkwkwkwkkakawk untung adik  saya tidak dapat  mbg,Distribusi,0.8583
TXT0133,"maksudnya impor apa?. meremehkan produk2 di daerah?. tidak percaya kualitas produk &amp; masyarakat di daerah. lebih baik, bubarkan mbg yang  di daerahnya masih ada produk impor. berarti gagal sppg di daerahnya itu. pengambil kebijakan impor siapa?. dari oknum di bangun  atau ?. pecat!!",Tata Kelola,0.863
TXT0134,aduduh jangan mau jadi penyicip mbg duluan  mba 🫣,Lainnya,0.916
TXT0135,"mbg tapi tidak bergizi sama sekali, saya guru jadi saya tahu, setiap hari tempe , tahu telur  , bahkan kemarin  tahu isi &amp; bakwan, dimana nilai gizi nya ?? ayam hanya sekali, ikan hanya sekali padahal tuh program sudah dua bulan jalan di sekolah",Kualitas Pangan,0.8599
TXT0136,hold mbg,Lainnya,0.9248
TXT0137,"jujur iya, saya  selalu sedih kalau  abis dari  sekolah ayah  gua, ada nasi basi bekas mbg berkarung"", lauknya juga berkarung"". anak"" biasanya cuma  ambil buahnya saja  karena  ya itu kondisi makanan yang lain memang kurang layak dikonsumsi.",Kualitas Pangan,0.8597
TXT0138,🤣🤣. anggaran jumbo mbg kemna ? mitra harus lewat yayasan ? yayasan terafiliasi dengan siapa?🤣🤣,Distribusi,0.687
TXT0139,"mbg hadir di sekolah rakyat, anak-anak kini dapat 3 kali makan dan 2 kudapan! kabar gembira! program makan bergizi gratis (mbg) kini resmi menjangkau sekolah rakyat sejak 14 juli 2025. staf khusus bgn, redy hendra gunawan, menyebut sudah ada 848 pelajar sekolah rakyat yang",Sasaran Penerima,0.9105
TXT0140,justru sekolah begini yang  seharusnya tidak dapat mbg. kayaknya jajan mereka sehari setara budget mbg 2 minggu per porsi mbg.,Distribusi,0.8123
TXT0141,"banyak kejadian siswa keracunan mbg, wakil ketua dpr minta bangun  supervisi lapangan",Kualitas Pangan,0.8594
TXT0142,sedang meyakinkan temanku untuk tidak join program mbg,Distribusi,0.8837
TXT0143,sudah 9.316 penerima manfaat program mbg di kota padang,Sasaran Penerima,0.9481
TXT0144,mana mbg yang  kamu janjikan itu wok! jangan yang  beracun tapi ,Kualitas Pangan,0.8598
TXT0145,"program mbg, cipta perdana lancar (part) memperluas produksi makanan kemasan",Ekonomi,0.9727
TXT0146,waspada juga. siapa tahu itu obat untuk  mendukung program new world order mengurangi kepadatan penduduk dunia. waspada boleh khan.? misalnya kek mbg makanan beracun gratis untuk  siswa sekolah.,Kualitas Pangan,0.8571
TXT0147,mbg is coming,Lainnya,0.924
TXT0148,mending urusin yang  keracunan mbg dulu sudah,Kualitas Pangan,0.8579
TXT0149,"lele berbelatung di program mbg muntilan magelang, begini tanggapan sekolah dan pengelola",Kualitas Pangan,0.8632
TXT0150,"innalillahi saya inna ilaihi rajiun, apa program mbg ini jalan sendiri tanpa evaluasi",Tata Kelola,0.9479
TXT0151,masalah stunting itu kompleks jadi jangan harap program makan gratis saja  bisa langsung nyembuhin semuanya,Sasaran Penerima,0.9462
TXT0152,"jadi mbg ini sebenarnya agenda pendirian apa agenda kesehatan apa sosial? masuk anggaran pendidikan apa anggaran kesehatan apa anggaran kesosialan? ah tahu ah pusing mensos saja  urus  sekolah rakyat. tumpang tindih terus  ini tupoksi nya, negara kok di drive sama amatiran",Anggaran,0.9114
TXT0153,"menurut saya, pernyataan prabowo ambisius tapi sulit direalisasikan dalam 2 tahun. defisit apbn 2025 diproyeksi 2,78% gdp, dengan program jumbo seperti mbg yang menyedot rp71t. pakar seperti indef sebut irrealistis tanpa reformasi fiskal ketat dan peningkatan pendapatan. bukan",Anggaran,0.9063
TXT0154,berapa banyak duit buat buzzer mbg?,Anggaran,0.9082
TXT0155,"kesalahan program makan gratis ini adalah pengelolaannya pakai tender sgl, shg satu vendor bisa sampai 300 porsi. masak unt 300 porsi jelas sjk sehari sebelumnya shg esok hari sudah basi. coba libatkan pengelola kantin or posyandu, jelas lebih praktis dan tidak banyak potongan",Tata Kelola,0.9549
TXT0156,"sebelumnya juga terjadi di 2 sekolah di tuban,mbg berbelatung. jika ada para siswa yang sakit perut berarti dia belum terbiasa makan enak. 🤣 jiancuk tenan.",Kualitas Pangan,0.862
TXT0157,anak saya belum pernah makan mbg prestasinya masih 5 besar,Distribusi,0.7466
TXT0158,"efek makan uang haram bang, mau sepinter apa kalau  sudah makan duit pemerintahan yang  haram itu pasti langsung tolol, mana ada orang pintar  mau bilang mbg meningkatkan kemampuan mtk &amp; b ing kalau  bukan  karena  disogok m m an untuk  bilang begitu ",Politik,0.9014
TXT0159,makan bergizi gratis support by chicken karage bishi bento by hangry babarsari,Lainnya,0.7028
TXT0160,"prabowo itu sahabat koruptor, kamu liat perangkatnya, wapresnya, ide mbg bya. isinya korupsi semua.",Politik,0.9202
TXT0161,"nah itu dia , ini malah tidak jelas mbg keracunan ttl saja  jadi jagoin padahal sama saja  kaya program yang  lainnya tidak ada yang  beres",Kualitas Pangan,0.8583
TXT0162,"ini contohnya, ikn, mbg, kopmp, 1 juta rumah",Politik,0.4501
TXT0163,saya juga bu buat sekolah rakyat buat mbg,Politik,0.545
TXT0164,makan bergizi gratis tetap berjalan pada masa libur sekolah. distribusi dilaksanakan selama 6 hari dengan kombinasi makanan siap santap hingga makanan kemasan.,Distribusi,0.9026
TXT0165,"direktur mubyarto institute, awan santosa, menilai kenaikan anggaran program makan bergizi gratis (mbg) menjadi rp300 triliun pada 2026 tidak masalah selama manfaatnya benar-benar dirasakan siswa dan transparansi anggaran dijaga. selengkapnya di",Anggaran,0.9092
TXT0166,dan terjadi lagi.. belasan siswa sd di bandung mengalami keracunan setelah mengonsumsi makanan bergizi gratis (mbg).,Kualitas Pangan,0.857
TXT0167,atasi gizi buruk melalui program mbg,Sasaran Penerima,0.9427
TXT0168,"menurut survei yang dilakukan iss, program unggulan pemerintah mbg diklaim masyarakat punya dampak manfaat, namun masih terbatas dan belum sepenuhnya meringankan beban ekonomi rumah tangga.",Ekonomi,0.968
TXT0169,"bisa diberentiin saja  gaksi ini program, ganti program lain yang  lebih  bagus lebih merata rakyat dapat  semua manfaatnya. tidak semua sekolah dapat  mbg masalahnya, paling di jakarta  saja  yang rata dapet. disini malah sd negeri  tidak dapet, orang yang  tidak mampu juga tidak dapet.",Distribusi,0.871
TXT0170,program pemberian makan bergizi gratis (mbg) akan tetap berjalan selama musim libur sekolah. begitu juga pemberian mbg kepada ibu hamil dan menyusui yang berjalan seperti biasanya lanjutkan mbg keren,Distribusi,0.9054
TXT0171,"indikator kesuksesan program makan ""bergizi"" gratis itu ya kecukupan gizi dari penerima, hasil dan dampaknya bagaimana  buat penerima mbg. namanya program makan ""bergizi"" ya sudah seharusnya mengedepankan kualitas, setelah itu baru bisa bicara kuantitas.",Sasaran Penerima,0.946
TXT0172,suruh saja  nih si zulhas kayaknya  dia sudah terbiasa tuh makan menu mbg eh maksudnya dana mbg kali ya 🤭,Kualitas Pangan,0.8549
TXT0173,"kalau  mbg diseluruh daerah di indonesia semua sudah terpenuhi yang  anda katakan itu benar, tapi kenyataannya didaerah pinggiran kota saja  belum  bisa terpenuhi, apalagi didaerah terpencil. semua hanyalah omon omon.",Distribusi,0.9046
TXT0174,oh ini makanan yang bikin jago bahasa inggris dan pintar  matematika? mau dong mbg nya biara saya makin pintar  matematika biar bisa ngitung hutang negara 🤣🤣,Kualitas Pangan,0.8613
TXT0175,"yaa, apalagi program mbg ini. info yang  saya terima dari orang pemerintahan nya sendiri menyebutkan bahwa untuk menjalankan program tersebut masih menggunakan uang pribadi prabowo. besaran nya entah berapa persen.",Anggaran,0.8463
TXT0176,iyaa. maksudku saya setuju saja  kalau mbg pakai bahan pangan lokal saja  dibanding bahan impor.,Ekonomi,0.6511
TXT0177,lewat program mbg kita hadirkan keadilan sosial sejak dari meja makan sekolah,Sasaran Penerima,0.9328
TXT0178,dewan perwakilan rakyat (dpr) ri menilai bahwa program makan bergizi gratis (mbg) dapat menciptakan ekosistem berkelanjutan demi menciptakan generasi unggul.,Sasaran Penerima,0.9291
TXT0179,"mbg 50 t perhubungan 13.26 t ppn/bappenas 2.01 t menperin 2.05 t komdigi 12.6 y menteri koordinator bidang pangan 272,9 m ham 100,6 m pratikno rp 207,218 m ahy 200,9 m budi gunawan 728,8 m",Anggaran,0.9118
TXT0180,"yes benar  sangat  kak, tetap lanjutkan mbg dan perbaiki sistem dan pengawasannya. dengan  begitu optimis bisa  lebih baik",Tata Kelola,0.9453
TXT0181,+ abis liat baliho mbg besar sangat  saya jadi sebal  sangat  jir,Kualitas Pangan,0.451
TXT0182,"berkat presiden prabowo, teknologi ai di dapur mbg bikin transparansi makin terasa benar ",Politik,0.4532
TXT0183,"makin banyak statement error dari  pejabat/penjilat tentang  mbg. ada yang  bilang konsentrasi naik, pintar  matematika n english, dll. jangan segitunya lah. lebay",Politik,0.9156
TXT0184,mbg yang kacau balau bro !,Kualitas Pangan,0.8401
TXT0185,kakean mbg,Lainnya,0.9249
TXT0186,bangun  buat atasi belatung di menu mbg?🤭,Kualitas Pangan,0.8557
TXT0187,"makan belatung gratis (mbg) di tuban, jatim",Kualitas Pangan,0.8593
TXT0188,mbg this mbg that inilah mbg versi saya,Lainnya,0.918
TXT0189,"program mbg melibatkan sekitar 10 ribu umkm, badan usaha milik desa (bumdes), dan koperasi yang sudah menyuplai bahan baku ke sppg.",Ekonomi,0.9678
TXT0190,"program mbg jadi booster pendidikan indonesia, anak-anak sehat pasti lebih hebat",Sasaran Penerima,0.9484
TXT0191,"coba turun kepelosok2 pak, brsentuhan dengan  rakyat banyak bapak  akan tahu apa benar mbg yang  dihrpkn mereka. kalau  hanya diistana dan dalam  lingkungan orang-orang  berpunya sudah pasti bapak  tidak akan tahu apa masalah rakyat kelas bawah sedunguhnya, skli2 nyamar jadi rakyat biasa tanpa  protololer deh pak.",Politik,0.9151
TXT0192,"setelah dapat mbg langsung cerdas matematika bisa menghitung belatung, dan tahu bahasa inggrisnya keracunan.",Kualitas Pangan,0.8577
TXT0193,bekal bergizi vs janji mbg program makan bergizi gratis badan gizi nasional kemendikdasmen program prabowo gibran 7 kebiasaan anak indonesia hebat makan sehat bergizi mpls masa pengenalan lingkungan sekolah anak sd literasi nutrisi kesehatan sejak dini,Politik,0.5141
TXT0194,"makanan bergizi sangat diperlukan, tapi program mbg yang  diadakan pemerintah terlihat kurang dari degi rencana apalagi eksekusinya. biaya yang  dihabiskan begitu besar tapi ujung2nya keracunan. bukan 1,2 ratusan siswa. banyak mitra yang  belum dibayar yang  pada akhirnya dikadih jajanan.",Tata Kelola,0.7219
TXT0195,"mbg lebih terasa sebagai proyek bancakan. di desa-desa akan lebih efektif jika mbg ditangani oleh orangtua murid bersinergi dengan kantin sekolah, mereka akan lebih mengenal kebutuhan anak mereka, dengan anggaran yang  sama, makanannya jauh lebih bergizi.",Sasaran Penerima,0.7383
TXT0196,"berdasarkan ide-ide cerdasmu seperti reformasi pendidikan, penghapusan mbg untuk efisiensi, dan pemisahan tugas kementerian, ya, kamu masuk kategori cerdas! pemikiran kritis dan visioner seperti itu langka. kalau jadi menkeu, indonesia bisa maju pesat.",Politik,0.9161
TXT0197,governmentnya lebih pilih  mbg dan menaikan dana parcok dari pada menaikan gaji guru🤭,Anggaran,0.9048
TXT0198,"adik saya  tidak dapat  mbg karena lagi  liburan ke kampung, terus  saya  tanya jatahmu nanti dikasih siapa? dijawab nya tidak tahu",Distribusi,0.9059
TXT0199,"prioritas nasional: gaji pejabat, mbg, anggaran tnipolri dkk",Anggaran,0.9107
TXT0200,"mantap!! heran saya sekelas pl ikutan mbg?? jan korbankan kesehatan anak2 didik kalian dengan  program useless gini. biasa juga orangtua  murid bekelin anak2nya makanan rumahan yang  terjamin kebersihannya, kenapa harus  korbankan anak2 murid kalian?",Kualitas Pangan,0.5521
TXT0201,"ini proyek makan bergizi gratis bisa jadi sbb utama kegagalan pemerintahan presiden ini bro. dana yang  dihamburkan ini slain tidak tepat sasaran bagi  yang  betul butuh, tapi bhkn bagi  semua  yang  mayoritas tidak butuh n terpaksa makan. padahal  dana yang  mubazir itu masih  sangat  dibutuhkan bagi  proyek""lain.",Anggaran,0.9037
TXT0202,kamu terlalu mbg untuk saya yang  clandys,Lainnya,0.8781
TXT0203,"kemarin  saya bawa  kendaraan sempat lihat mobil operasional mbg parkir disalah satu sekolah  itu petugasnya nya letakin kotak makanan nya di lantai bawah mobilnya yang  parkir,mau dokumentasikan sudah keburu macet,apa gegara itu dari plat besi seenaknya letakin sembarang ..heran",Tata Kelola,0.9053
TXT0204,kapolsek mantup koordinasi dengan kepala korwil pendidikan kecamatan mantup terkait pelaksanaan mbg.,Distribusi,0.8666
TXT0205,kasih mbg tuh jadi pintar  matematika dan bahasa inggris loh. jadi tidak usah guru mengajar.,Politik,0.9242
TXT0206,"belum biasa keracunan, suruh anggota dpr cobain mbg",Kualitas Pangan,0.8584
TXT0207,"mbg kembali saya kritik pak ,sebaiknya kembalikan pada mekanisme mbg ke sekolah masing2 dengan  memperdayakan umkm setempat atau walimurid masing2 untuk  di gilirkan. mbg dibawah bangun  tidak efektif,masakan tidak enak &amp; lebih banyak  dibuang oleh murid2 penerima. lidah mereka  tidak cocok hambar.",Tata Kelola,0.8705
TXT0208,janjinya banyak..banyak yang  tidak realistis.. mbg bagaimana  kabarnya ?,Tata Kelola,0.8064
TXT0209,"tidak sepenuhnya kontra dengan mbg, karena idealnya program ini punya posibilitas untuk",Tata Kelola,0.9316
TXT0210,"putaran uang dibawah itu tidak banyak, malah banyak warung2 yang  pendapatannya menurun gara2 anak2 sudah makan mbg dan juga terkadang anak2 itu susah makan homemade jadi mubadzir terbuang makanannya",Kualitas Pangan,0.5649
TXT0211,lah iya kan memang  bukan urusan guru urus  mbg? what they supposed to do?! their adressing itu loh salah ya as i said wajar masih bocil,Tata Kelola,0.936
TXT0212,"saya selama kerja kan tidak tahu info harian dirumah ya, jadi br tahu karena  ibukku tadu  pagi cerita soal mbg",Distribusi,0.9085
TXT0213,"tapi menurutku tidak tepat deh programnya. banyak permasalahan urgent di indonesia yang seharusnya diprioritaskan. mbg terkesan menghambur2kan duit, jadi ladang buat korup. kenapa yaa tidak kasih  lapangan kerja yang  banyak dan layak buat kepala keluarga biar keluarganya sejahtera??",Anggaran,0.7666
TXT0214,makan bergizi gratis untuk wilayah banyuwangi dsk,Distribusi,0.9051
TXT0215,mbg penting meningkatkan kesehatan,Sasaran Penerima,0.931
TXT0216,populer: penggunaan dana mbg rp 335 t pada 2026; ojk soal scam keuangan,Anggaran,0.9098
TXT0217,simulasi mbg. bismillah mentri pendidikan,Lainnya,0.4235
TXT0218,"eh buset itu mbg nya ada ahli gizinya tidak sih, saya anak gizi menangis liat wow spagheti garamnya kan tinggi sekali  sama super bubur juga kayaknya  tinggi deh",Kualitas Pangan,0.8591
TXT0219,selain anggaran mbg tolong kaji serius ini anggaran ikn 🥹 daya beli masyarakat lemah larinya ke hal sama sekali yang  bukan prioritas,Anggaran,0.9062
TXT0220,"enam bulan dilaksanakan, program mbg menjangkau 6.7 juga orang",Sasaran Penerima,0.9467
TXT0221,makan bergizi gratis makan belatung gratis,Kualitas Pangan,0.855
TXT0222,"saya tuh yang  tidak ngeh, dpr mau dapat  tunjangan 50 juta/bulan meanwhile itu tuh bisa dialokasikan ke yang  lain!! bpjs kek, gaji guru dan dosen kek, banyak. mbg juga, dananya tuh kamu bisa dialokasikan ke yang  lain daripada  bikin orang keracunan",Anggaran,0.9012
TXT0223,"ini nih, masyrakat dbungkam sekali  buat kasus mbg, tiap ada yang posting hal negatif pasti muridnya langsung dipanggil pihak sekolah, kaya?? mereka salah apa loh? bahkan waktu itu ada yag sampai buat video permintaan maaf.",Tata Kelola,0.9163
TXT0224,"keberhasilan mbg 99,99 %",Sasaran Penerima,0.8769
TXT0225,"secara bodoh aja, cara jalannya gimana untuk  sampai pada kesimpulan mbg bisa bikin pintar  enggress dll, kita bertanya dengan nada bodoh ke doi🥹",Politik,0.9199
TXT0226,"dengan satgas, perlindungan siswa dari risiko keracunan di sekolah makin maksimal karena program mbg terjamin",Kualitas Pangan,0.7829
TXT0227,bangun  percepat verifikasi mitra sppg di wilayah 3t pastikan mbg merata,Distribusi,0.8972
TXT0228,ibu di sumba barat daya rasakan dampak positif mbg untuk anaknya!,Sasaran Penerima,0.9466
TXT0229,bisa tidak ya wakil rakyat saja  yang cicip mbg nya,Politik,0.9116
TXT0230,anakku yang  baru lulus sman tahun  ini tidak pernah sekalipun di sklhnya ada pembagian mbg. sedangkan teman dia smp yang  sekolah  di sma swasta malah dapat ,Distribusi,0.9053
TXT0231,begini penjelasan dari pihak sekolah dan mitra satuan pelayanan pemenuhan gizi (sppg) muntilan. liat ini anjing sampah,Distribusi,0.635
TXT0232,"apa ini bener? saya tidak merendahkan masyarakat miskin, tapi judulnya cukup menggelitik, mengapa yang menyiapkan mbg bukan tenaga ahli dibidangnya? makanan sangat erat dengan higienis,",Tata Kelola,0.9481
TXT0233,"mentri pariwisata kmn? kepala daerah &amp; pemda belum  edukasi warga, pak bagaimana  dapat  pemasukan daerah kalau  wisman tidak nyaman &amp; tidak aman, pak rakyat miskin &amp; tidak terdidik pak jangan highlight mbg &amp; danantara saja ",Politik,0.8615
TXT0234,murid murid ini cocok nih di jejelin mbg yang  ada belatungnya. biar merasakan  hasil kerjanya yang  tidak benar ,Kualitas Pangan,0.8594
TXT0235,"program makan bergizi gratis dari pak polisi, langkah tepat buat masa depan!",Sasaran Penerima,0.9426
TXT0236,lapangan kerja? mitra bisnis ngurusi mbg ya?,Ekonomi,0.9713
TXT0237,"dapur mbg ke-7 beroperasi di solo, sasar pelajar di gilingan dan sekitarnya total tujuh dapur sppg telah beroperasi melayani program makan bergizi gratis atau mbg di kota solo hingga juli 2025.",Distribusi,0.8997
TXT0238,"gusy yang domisili bandung, di daerah kalian ada dapur mbg yang sudah beroperasi belum yaa sampai saat ini? info dong",Distribusi,0.907
TXT0239,"yang ditekankan selalu jumlah penerima mbg, perihal layak tidaknya menu mbg khususnya yang bermasalah tidak pernah dianggap masalah serius. sama saja  boong.",Kualitas Pangan,0.83
TXT0240,"tamsil linrung apresiasi mbg dorong gerakan ekonomi rakyat “program mbg bukan sekadar memberi makan bergizi. ia adalah program strategis yang melibatkan masyarakat sebagai pelaku, termasuk untuk aspek produksi, distribusi, hingga pembiayaan. ini adala…",Ekonomi,0.975
TXT0241,"kok mbg tidak sesuai gizi berarti korup tidak sesuai jiwa pancasila &amp; tujuan negara dalam  uudri 1945, jadi tidak usah diurus nanti tambah dosa pak. yang  dibela sesuai jiwa pancasila itu jika ibadah umat beragama diganggu oknum² intoleran di beberapa tempat segera dicegah &amp; tegakkan hukum.",Politik,0.9001
TXT0242,takut keracunan kalau  besok makan mbg,Kualitas Pangan,0.8591
TXT0243,coba menterinya suruh makan menu mbg sebulan saja ,Kualitas Pangan,0.8588
TXT0244,"innalillahi, parah benar  nih program mbg‼ stop saja  kalau  begini",Kualitas Pangan,0.5442
TXT0245,tetap mbg 300an triliun,Anggaran,0.9036
TXT0246,teman  saya  yang  dapat  mbg bilang kalau  menu lauk ayam nya kaya muntahan kucing ajg wtf,Kualitas Pangan,0.8617
TXT0247,itu pict mirip  abis makan mbg yang  sudah tidak fresh,Kualitas Pangan,0.862
TXT0248,mbg = makan belatung gratis,Kualitas Pangan,0.8563
TXT0249,hapuskan saja mbg ini lebih baik dananya untuk infrastruktur bagikan ke setiap propinsi kabupaten kota,Anggaran,0.9082
TXT0250,"berani2nya mau ngelawan zulhas? sudah jelas salah siswa yang  belum terbiasa! ini sesuai kaidah evolusi: survival of the fittest. siswa unggul bisa &amp; biasa makan mbg &amp; makin cerdas, yang  tidak unggul ya mati keracunan.",Sasaran Penerima,0.9498
TXT0251,sisanya lari buat mbg di guangdong china,Distribusi,0.9019
TXT0252,buldep sekolahku dapat  mbg (katanya rencana) tapi sepertinya  saya  tidak kebagian karena  lagi pkl??,Distribusi,0.905
TXT0253,dih malas pidato upacara 17an malah banggain mbg,Lainnya,0.8797
TXT0254,"seharusnya dikelola, kemendiknas, input siswa seleksi di bantu dinsos, mbg dinkes. berdayakan departemen yang  sudah ada. tidak perlu bgn. dana mbg dititipkan bos , dikelola, sekolah. melibatkan masyarakat/ortu. ekonomi bergulir merata. diawasi 3 instansi diatas.",Anggaran,0.4993
TXT0255,"justru pemerintah sebagai pelayan itu mode nya harus  fair. tidak boleh memihak. kalau ""berpihak"" malah biasanya jadi bancakan. sudah sesuai itu mbg untuk seluruh daerah tanpa terkecuali.",Tata Kelola,0.9492
TXT0256,"mbg itu  asli, looksnya menarik kok mungkin karena  saya sekolah kabupaten (harga makanan tidak mahal) tapi yaa begitu  tidak adaa rasa wkwkwkkw",Kualitas Pangan,0.8615
TXT0257,"program mbg dengan anggaran rp335t berisiko tinggi korupsi, terutama di pengadaan dan distribusi. berdasarkan analisis pakar (cnn, tempo, bbc), potensi kebocoran 20-30% atau rp67-100t, mirip kasus food estate. kpk temukan indikasi pemangkasan. saran: pengawasan ketat untuk",Tata Kelola,0.928
TXT0258,makan bergizi gratis langkah menuju indonesia emas,Sasaran Penerima,0.9486
TXT0259,"tidak ada indikasi keterlibatan gibran dalam dugaan korupsi mbg, ??",Tata Kelola,0.9428
TXT0260,takut bngetkan kalau  ternyata hadiah lombanya motong anggaran makan bergizi gratis,Anggaran,0.9013
TXT0261,mbg janji kampanye mas wowo bagaimana dengan  jani 19jt lapangan kerja? harusnya progam mbg di stop diganti dengan  19jt lapangan kerja &amp; turunkan harga sembako.,Ekonomi,0.9302
TXT0262,"inspiktirit enak.. banyak  kerjaan di pembinaan&amp; pengawasan. turun lapangan, periksa pengadaan, konstruksi bangunan &amp; pembangunan jalan. ohhya mbg juga jadi tupoksi kita jadi untuk  didampingi",Tata Kelola,0.9376
TXT0263,"ya allah saya bingung sangat  sumpah liat dia. . mirip  tidak bisa liat data dan fakta yang  terjadi secara real life. dia hidup di mimpinya sendiri apa gimana sihh? kita nih hidup di negara yang  sama kan ya ? dari mbg, pendidikan,lapangan pekerjaan mirip  semuanya ilusi buat dia",Politik,0.8508
TXT0264,"ini yang  liburan sekolahnya tetap  di adain mbg cuma beberapa sekolah saja  kali ya, tidak merata. soalnya di sekolah2 tempatku juga tidak pmbgian mbg.",Distribusi,0.9031
TXT0265,"bahaya sekali  ini, sepertinya data yang dia terima adalah data abs. banyak sekolah yang sama sekali belum terima mbg. ada yang sudah terima tapi cuma sesekali. program yang sangat mudah di manipulasi. harus di evaluasi.",Tata Kelola,0.7856
TXT0266,tidak ada tanggal merah di kabinet prabowo implementasinya mbg tetap berjalan sekalipun libur sekolah. koruptor tidak mengenal libur mengingat waktunya injury time. begitu ya ?,Distribusi,0.9064
TXT0267,guru dibilang beban oleh menteri. harga beras dibandingkan dengan  jepang oleh menteri. anggota dpr dapat  tunjangan 3jt/hari dibilang kurang. mbg tidak jelas dan cuma jadi bahan bancakan. sehat min??,Anggaran,0.9119
TXT0268,"yakin bisa stop mbg yang jadi andelan program presiden ? tanyain langsung deh ke ybs, ye?",Politik,0.4707
TXT0269,mbg 10.00..makan itu  pajak rakyat,Anggaran,0.9014
TXT0270,"baru kemarin ponakanku dapat  mbg dari sekolahnya, tapi hari ini dia keluh  perutnya sakit..jadi tidak sekolah dulu sudah diingetin sama abangku, kalau  mau makan cium dulu baunya, takutnya keracunan yang mirip  di berita² itu.. semoga tidak kenapa² deh dia semoga besok sudah sehat",Kualitas Pangan,0.8659
TXT0271,syok ada mbg sebelah stesen mrt,Lainnya,0.9228
TXT0272,hanya kamu bilang? hanya?!! keracunan mbg dibilang hanya?! 1 saja  sudah banyak banget. ini kamu bilang hanya?!!,Kualitas Pangan,0.8564
TXT0273,sudah 80 tahun merdeka. tapi pendidikan belum merdeka. anggaran pendidikan di pangkas untuk mbg. sementara pejabatnya gaji naik signifikan. -- sarapan kebun percobaan dorgu keluar promo seabank soekarno rakyatnya elitnya,Anggaran,0.9156
TXT0274,terpantau sudah ada 3 buzzer mbg bang yang balas  komen,Kualitas Pangan,0.7523
TXT0275,"ya, dugaan korupsi mbg melibatkan: - presiden prabowo subianto (konflik kepentingan, vendor terkait dirinya; sumber: tempo, icw april 2025). - kepala bangun  dadan hindayana (diminta diselidiki kpk atas pemangkasan anggaran; sumber: onews, kompas maret 2025). - yayasan mbn",Politik,0.9129
TXT0276,apa ini kok enak bgtt mbgnya!! mbg saya  dulu  kaya tidak layak dimakan anjir,Kualitas Pangan,0.8637
TXT0277,can we still ya mbg,Lainnya,0.9166
TXT0278,yang paling bawah ada relasi apa ya kaak?? mau ada project mbg di bangkok? mgb?,Distribusi,0.7081
TXT0279,wok mbg wok wok pengangguran rendah wok wok bangsa besar wok,Politik,0.9151
TXT0280,"kalau boleh kasih saran.. lebih baik kasih ke orang tahu siswa saja  uang nya mbg ini cuma nguntungin 'penain' realisasinya tidak setiap hari, sebulan belum tentu seminggu sekopah ada mbg programnya bagus, tapi yang  kelola koruptor semua",Anggaran,0.5814
TXT0281,"adik  saya (yang kelas 9) selalu dapat  snack, yang adapet mbg tuh yang murid baru (adek saya yang kelas 7). snacknya juga regal, susu, sama roti….",Kualitas Pangan,0.5683
TXT0282,icip-icip makan bergizi gratis. guru vs orangtua,Sasaran Penerima,0.9177
TXT0283,urusan menu itu urusan sppg dan ahli gizi masing-masing dapur mbg dan tentu koordinasi sama penanggung jawab dapur.,Tata Kelola,0.9402
TXT0284,"anakku di sekolah juga dapat mbg, tapi tidak pernah di makan, bau katanya,,",Kualitas Pangan,0.5799
TXT0285,"dalam pidatonya, prabowo mengklaim program mbg sudah menyerap 290 ribu tenaga kerja baru. mbg juga diklaim sudah membawa kesejahteraan kepada satu juta petani, nelayan, peternak, serta pelaku usaha mikro, kecil, dan menengah, juga meningkatkan prestasi anak.",Ekonomi,0.9747
TXT0286,anggaran pendidikan 2025 berapa jika dibanding dengan jumlah anggaran setelah dikurangi untuk program mbg jadi besar mana,Anggaran,0.9044
TXT0287,"80 tahun merdeka, ada anak yang  tidak mendapat mbg karena tidak bisa sekolah. tapi mereka juga tidak dipelihara negara. nasib mereka terkatung2 tanpa perhatian yang  memadai .. mbg hanya menyasar anak sekolah. seperti inilah potret kehidupan keras bust mereka yang  tidak mampu.",Sasaran Penerima,0.9245
TXT0288,"penyerapan anggaran mbg baru 7%.. koq, sudah bikin proyeksi bakal melonjak hingga 240t..?",Anggaran,0.9075
TXT0289,mbg jangkauannya juga seberapa karena karena anak2 saya sekalipun didaerah perkotaan belum  pernah dapat mbg alhamdulillah sehat2,Distribusi,0.9064
TXT0290,kamu benar  jadi tni mgawas mbg kak,Lainnya,0.9257
TXT0291,"bangun sdm unggul, program mbg capai 15 juta penerima manfaat",Sasaran Penerima,0.9509
TXT0292,"waka komisi ix dpr, yahya zaini, ingatkan agar usulan tambahan anggaran rp 118 triliun untuk program makan bergizi gratis tak berujung pemborosan, tapi disertai upaya menyelesaikan akar masalah secara menyeluruh.",Anggaran,0.9086
TXT0293,"kalau kabinet nya buzzer, pengkhianat dan sarjana ijazah palsu ya beginilah jadinya negara program tidak ada yang  jalan sekalinya mau jalan, mbg makan siang sayur basi semua..",Politik,0.9147
TXT0294,"day 1 makan bergizi gratis (mbg), roti nya roti hangat ",Kualitas Pangan,0.8617
TXT0295,"mbg saja  kayaknya tidak sebesar itu biayanya per orang. penasaran juga, kira-kira siapa saja backingan beliau ini sampai terus digunakan jasanya sampai saat ini?",Anggaran,0.9059
TXT0296,pah saya mau mbg,Lainnya,0.9237
TXT0297,20% tidak ada jatah mbg!,Lainnya,0.7097
TXT0298,"padahal orang2 hebat di masa sekarang, tidak menikmati mbg di masa lampau toh matematika dan bahasa inggrisnya tidak kalah jago dari sekarang",Politik,0.922
TXT0299,335 t uang hanya untuk berakhir di jamban.. mbg program konsumtif kenapa tidak di arahkan ke sektor produktif,Anggaran,0.9024
TXT0300,"solusinya? mbg, tidak apa-apa miskin bodoh asal bahagia, bansos lebih dipuja daripada mandiri berdikari.",Politik,0.9184
TXT0301,"soalnya mbg memang  ada yang  masih rekrut2 ahli gizi sih, cuma kalau memang ada yang  sudah ada ahli gizinya kek apakah tidak bisa berbuat apa apa begitu ",Tata Kelola,0.9429
TXT0302,the best mbg di kantor so far,Lainnya,0.8483
TXT0303,program makan bergizi gratis sudah nyentuh 31 provinsi &amp; bakal nyasar ke semua anak indonesia sampai akhir 2025. langkah konkret presiden prabowo biar generasi sehat jadi nyata!,Sasaran Penerima,0.9417
TXT0304,apakah ini juga indikasi bahwa pelaksanaan atau pengadaan mbg nantinya akan di tangani oleh pihak sekolah dan tidak lagi seperti saat ini yang diserahkan pada pihak swasta/ lembaga yang mengelola dapur umum mbg?,Tata Kelola,0.9423
TXT0305,spertinya bpjs disubsidi lebih  besar lagi lebih  brmnfaat ketimbang makan gratis karena dampaknya kekinian dan real dari pada  mbg yang  efeknya jangka panjang  dan belum  tentu juga akan berdampak signifikan yang  hasilnya dlk tanda petik masih diragukan.,Tata Kelola,0.5145
TXT0306,saya kangen mbg,Lainnya,0.9237
TXT0307,iyh asal bukan mbg ya?,Lainnya,0.9239
TXT0308,"anak2 orang mampu dan menengah keatas tidak mau makanan sampah tersebut apalagi diketahui dibeberapa daerah beracun, orang tua akan melarang, di beberapa daerah para guru mengambil inisiatif jangan dibuang / mubazir tapi dikumpulkan bisa buat nargor dan lain , ini valid",Kualitas Pangan,0.8621
TXT0309,"lebih baik d tiadakn paman br tidak mnghmbur2kan uang negara ,,alamat sna sini pajak d segala  hal.. untuk  memenuhi visi misi saat kampanye. dana nya dari mana kalau bukan dari  pajak..1 porsi mbg di angka rp.15.00 berapa juta porsi per hari untuk  memenuhinya.coba pikir",Anggaran,0.9052
TXT0310,fufufafa harus sering makan mbg biar pintar  bicara  inggris,Kualitas Pangan,0.8622
TXT0311,"berhasil tingkatkan omzet dan jadi andalan pasokan mbg, supplier ikan asal kayu agung ini kembangkan usaha lewat pinjaman kur bri",Ekonomi,0.972
TXT0312,"cerita dari natuna adalah gambaran nyata bagaimana sebuah kebijakan mampu menyentuh sisi terdalam masyarakat. mbg bukan sekadar program bantuan makanan, tetapi sebuah langkah nyata dalam membangun kemandirian ekonomi rakyat. ia menyatukan negara dan rakyat dalam satu meja",Ekonomi,0.9734
TXT0313,"otak prabowo sudah rusak, sayang pada keluarga koruptor, sayang pada menteri kinerja jelek kerja 7 hari. ngakui negara israel, idola pada mustafa kamal atharuk.danantara belum apa apa biaya operasional besar diklat ke swiss program makan gratis tak merata seluruh indonesia. gila",Politik,0.8878
TXT0314,"rill, besok adekku saja  ke sekolah buag ambil mbg",Distribusi,0.9038
TXT0315,"dengan makan bergizi gratis, setiap anak indonesia bisa tumbuh jadi juara tanpa hambatan gizi",Sasaran Penerima,0.9463
TXT0316,membandingkan mbg dengan program serupa di 5 negara,Distribusi,0.8101
TXT0317,"kolaborasi multisektor, prtpp terbukti sampai saat ini dan dapat mengarahkan agenda riset prioritas dan mendorong terciptanya solusi yang relevan bagi masyarakat dan industri pangan di brin termasuk pemasok dan off taker yang terlibat di mbg.",Ekonomi,0.9732
TXT0318,mbg hari ini wkwkwkw ayam-gurame-telor🤤 loading protein biar doms nya cepat  sembuh,Kualitas Pangan,0.8589
TXT0319,"mbg ini program sangat mubazir pak dan akan sangat merepotkan dalam praktiknya,alasan simplenya tiap pelajar itu beda2 selera makannya.sekolah swasta terutama yang  berbasis agama itu mahal banget,kenapa pemerintah tidak konsentrasi disitu ya,biar lebih terjangkau",Tata Kelola,0.5613
TXT0320,najis semoga masuk neraka kamu semua yang  ngide mbg,Lainnya,0.46
TXT0321,"ya, 15% mungkin terlalu tinggi. setelah analisis laporan ti juni 2025 soal risiko korupsi sistemik di mbg (konflik kepentingan, kurang regulasi, potensi rugi rp1,8 miliar/tahun/sppg), cpi 37/100, dan temuan kpk maret 2025, saya perkirakan keberhasilan ""tak ada korupsi"" hanya 5%.",Politik,0.9117
TXT0322,kata pemerintah kalau  cuma segitu jumlahnya tidak mengganggu kesuksesan mbg,Anggaran,0.8034
TXT0323,program makan bergizi gratis (mbg) yang digagas pemerintah di bawah kepemimpinan presiden prabowo subianto. tengah mendapat sorotan tajam usai video penemuan larva (diduga belatung) dalam nasi kotak bantuan mbg viral di media sosial. selengkapnya di,Kualitas Pangan,0.8559
TXT0324,"omong kosong kalau presiden bicara  pendidikan akan maju, karena proyek unggulan presiden mbg di copet dari dana pendidikan",Anggaran,0.9098
TXT0325,hebat ya indonesia eh maksudnya presiden prabowo.. tapi tunduk sama trumph. kalau dibandingin antara pujian mbg dan negosiasi dengan as soal tarif impor sih perbandingannya antara bumi &amp; langit..,Politik,0.9176
TXT0326,ada tuh yang benar-benar  terealisasi : mbg tapi sayangnya ada belatungnya dan ada yang beracun 🤣,Kualitas Pangan,0.6571
TXT0327,"bapak presiden ri prabowo subianto melali seskab , tolong lihat video ini dan hentikan kegiatan mbg sebab rakyat tidak membutuhkan tapi keselamatan jiwa, kesehatan dan pangan yang harus di cukupi",Politik,0.9165
TXT0328,yang  penting mbg makan belatung gratis,Kualitas Pangan,0.8575
TXT0329,"makan bergizi gratis di sekolah makin terjamin kualitasnya, pengiriman pakai sop baru yang ketat biar kamu bisa makan tanpa was-was",Kualitas Pangan,0.7619
TXT0330,"penciptaan lapangan kerja ( akan mereduksi biaya mbg). yakin itu..!! peningkatan sarana dan prasarana pendidikan, itu lebih krusial lebih urgent lebih dibutuhkan. peningkatan anggaran mbg, ( hanya menambah besar potensi tjd kkn)",Anggaran,0.9092
TXT0331,bapak zulkifli hasan silakan memberi anak anakmu mbg barangkali nanti jadi kebal racun di masa depan kan itu sebuah hal positif ya kan 🥴,Kualitas Pangan,0.8222
TXT0332,"kemarin dan sekarang  (sedang berlangsung) mbg, sekarang  ditambah lagi  tunjangan rumah anggota dpr.. ah berbahagia lah kalian sekarang  calon penghuni kekal neraka",Distribusi,0.907
TXT0333,alhamdulillah! program presiden prabowo mbg mulai dirasakan masyarakat magetan,Politik,0.8963
TXT0334,"se""enak apaan sihh kwalitas dan rasa menu mbg..??",Kualitas Pangan,0.8586
TXT0335,kalau dilihat dari info pco sih terpisah mas dir antara dana untuk  mbg dan pendidikan. bagaimana  itu mas?,Anggaran,0.9078
TXT0336,mbg coy (makin bodoh  gini) program sek cocok nggo pemerintah jembot,Politik,0.9134
TXT0337,"dari , bahkan dia sekjen nya. anak buah si yang  kemarin bilang banyak kasus siswa keracunan mbg karena  belum terbiasa",Kualitas Pangan,0.863
TXT0338,"pak tidak percaya sich kalau mbg bisa menimbulkan berbagai persoalan kalau melalui vendor, akan hemat dan efisien kalau alokasi anggaran mbg diberikan ke ortu/wali siswa sementara pendamping memberikan penyuluhan setiap 1-2 m8nggu sekali..",Anggaran,0.9079
TXT0339,"mantab pak tambah lagi anggaran mbg, ke sekolah anak saya belum  soalnya, kebetulan banyak pendukung bapak di sini  pasti mereka sudah ingin banget, kalau  anak saya mah gausah, makan di rumah saja  pak, biar jatah nya kasih ke yang  lain aja.",Distribusi,0.9052
TXT0340,dukungan bri pada umkm katering pemasok program mbg: sukses ekspansi dapur dan mampu berdayakan ratusan karyawan,Ekonomi,0.9471
TXT0341,"lagi2 keracunan mbg makan bergizi gratis atau makan beracun gratis ? makanan yang  katanya u/ menaikkan taraf otak pikir anak,spy anak lebih  pandai, standard nya menyedihkan penyediannya amatiran kok malah ingin mengimpor 200 orang sakit dari gaza bung",Kualitas Pangan,0.856
TXT0342,"narkoba senjata pemusnah masal generasi bangsa, mbg dan sekolah rakyat akan sia2 jika peredaran narkoba merajalela , berangus pak",Politik,0.9033
TXT0343,"segitu banyak kasus keracunan mbg, belum ada satupun vendor mbg yang  diusut dan dihukum. apa karena  ada beking kuat aparat?",Kualitas Pangan,0.845
TXT0344,"sewaktu awal ada mbg di sekolah akak, saya masih bawain bekal, tapi berakhir akak ditegur gurunya tidak boleh bawa bekal dan dijamin aman. akak pun pernah lihat sendiri berita keracunan mbg dan bikin dia waswas. tapi iki benar  guendeng!",Distribusi,0.7011
TXT0345,"beberapa hal aneh di pemerintahan indonesia saat ini (2025): 1) revisi uu yang perbanyak pos sipil untuk militer, mirip era otoriter (sumber: nyt). 2) program makan gratis di tengah pengangguran naik dan kritik ekonomi (sumber: nyt, diplomat). 3) upaya hapus pelanggaran ham dari",Politik,0.9157
TXT0346,"bwahahaha enak aja, buat makan keluarga lah sama beli mobil baru, biayain program mbg sama ikn yang  gajetot itu oiya bayar utang negara juga",Anggaran,0.8887
TXT0347,"sedih sangat  ya jadi rakyat(wong cilik)..ditindas atau  diperas disuruh bayar  pjk setinggi mungkin  tapi ksjhtrn hidup makan  menyusut..di negara maju..pjk boleh tinggi tapi kesejahteraan rakyat men8ngkat..sekolah gratis..rumah sakit gratis..klo dinegeri konoha baru ""mbg""..ya kita lht saja  nt",Politik,0.9105
TXT0348,"saya anak sekolah, pas libur dikasih mbg berupa snack, isinya ada telur rebus, telur asin, malkist, susu putih dan coklat, cereal, apel, pir, jeruk, sama kacang rosta",Distribusi,0.9068
TXT0349,"bahlil dan aguan, bikin apa jugak walaupun ""salah &amp; rugikan rakyat banyak"" pasti dibelain negara dan presiden ri ke 8 memang  diapain sih pak? bapak kliatan malah becandain si bahlil? juga si aguan enak benar  hidupnya! secara anak2 sekolahan dapat  mbg keracunan,bpk diam  aja.",Politik,0.705
TXT0350,sekolahan disini mbg hanya bertahan 3 minggu wkwk,Distribusi,0.9071
TXT0351,"anggota komisi vi dpr ri, mufti anam meminta perbankan dari badan usaha milik negara (bumn) untuk ikut mensukseskan program makan begizi gratis (mbg). hal itu ia ungkapkan dalam rapat dengar pendapat (rdp) bersama dirut pt bank mandiri, bni, bri, btn dan bsi pada kamis, 21",Tata Kelola,0.8356
TXT0352,anak-anakku di sekolah swasta. tapi mereka dapat mbg. ini gimn nolaknya ya?,Distribusi,0.9038
TXT0353,korban mbg,Lainnya,0.9294
TXT0354,"stop mbg yang  tidak banyak berguna bagi rakyat. buang2 duit rakyat. rawan penyimpangan, penyelewengan, dan sabotase",Politik,0.886
TXT0355,halah sudah ketauan dari awal. adik  saya pun tidak pernah dapat  mbg di smpnya sama sekali,Distribusi,0.9098
TXT0356,jelas setres karena ada program tidak penting (mbg) yang  anggarannya besar,Anggaran,0.9112
TXT0357,"di nyinyirin curhat..dibilang indonesia gelap curhat..dibilang mbg banyak yang  keracunan curhat..mbok ya dicari solusinya, akar masalahnya agar semuanya bisa diatasi bukan cuma omon- omon doang..as itu otaknya penjajahan pak baik ekonomi juga perang lho",Politik,0.922
TXT0358,"suruh presiden pejabat²mentri, kapolri panglima tni ang mpr dpr makan makanan yang  sama. kita liat reaksi mereka. lagipula akan  hemat anggaran trilyunan kalau  ang makan para pejabat itu disamain sama mbg",Anggaran,0.9105
TXT0359,mbg makanan busuk gratis,Kualitas Pangan,0.8564
TXT0360,bro bfr di sekolah saya saat mbg hp dikumpul alasannya biar kalau  tidak enak tidak bisa ngadu ke sosmed lmao 🤣,Kualitas Pangan,0.873
TXT0361,tabik sama mbg! anak dan ibu jadi prioritas utama,Sasaran Penerima,0.9492
TXT0362,semua anggaran ikn dan mbg dialihkan yang  lebih tepat sasaran mungkin hasilnya akan beda.,Anggaran,0.9061
TXT0363,"ponakanku mbg nya cuma dikasih roti kemasan kaya yang  dijual di warung2 sama telur  asin sebiji, jadi ibunya tetap  kasih  uang buat makan siang",Kualitas Pangan,0.863
TXT0364,ditempat saya malah belum pernah dengar ada sekolah yang dapat mbg.,Distribusi,0.9057
TXT0365,"makan bergizi gratis berjalan saat libur sekolah, begini skemanya lanjutkan mbg keren",Distribusi,0.9038
TXT0366,"kemungkinan sabotase olh oknum pro jokowi bisa sj trjadi,selain tentu karena  terkontaminasi. lebih  baik,alihkan anggaran mbg tuk gratiskan anak2 duafa,infrastruktur jalan +jembatan penyebrangan sungai antar desa..",Anggaran,0.9045
TXT0367,mbg. makan belatung gratis,Kualitas Pangan,0.8571
TXT0368,anak-anakku sampai sekarang sama sekali belum dapat  mbg.,Distribusi,0.9056
TXT0369,mbg 334 trilun bisa buat ini pengobatan dari pada jadi taii..,Anggaran,0.9066
TXT0370,"nmanya juga mbg, makanan beracun gratiss, uppss",Kualitas Pangan,0.8532
TXT0371,"14.6 ton = 14.600 kg ÷ 3 kg = 4.867 kntong. bagi ke sekolah2 bagian program mbg, (gak usah dipotong2 sama dapur mbg, utuh aja), atau bagi2in di lampu merah, bagiin per kendaraan 3kg. malah ngeluarin biaya ngurug tanah buat nimbun🥲. ngerusak harga? tidak akan.",Anggaran,0.9055
TXT0372,"mbg sendiri pakai  vendor terus hubungannya import sapi buat mbg apaan toh makanan yang  di kasih  sejauh saya tahu tidak ada daging, adapun cuma beberapa tempat saja ",Tata Kelola,0.9225
TXT0373,mbg itu kamu yang bikin bengkak anggaran masih diterusin aja.,Anggaran,0.9043
TXT0374,ditempat ku kok belum ada ya mbg ‍,Distribusi,0.9012
TXT0375,mbg gaib,Lainnya,0.926
TXT0376,program mbg yang saat ini berjalan perlu dievaluasi dan diperbaiki agar tepat sasaran dan memberikan dampak positif bagi peningkatan kualitas sumber daya manusia.,Tata Kelola,0.9466
TXT0377,awas kak nanti buzzer mbg menyerang dan reply “wah anak wabah nih”,Lainnya,0.8972
TXT0378,wamen stella itu  pantas nyicipi mbg produk koloni kmp,Lainnya,0.9256
TXT0379,pemerintah memastikan program mbg memberikan kualitas terbaik bagi anak bangsa,Sasaran Penerima,0.9484
TXT0380,program mbg memenuhi kebutuhan gizi anak bangsa,Sasaran Penerima,0.948
TXT0381,memang  bangke mereka..!! teman  anak saya tiap hari di bekali makan sama emaknya karena si anak bilang mbg tak ada rasanya,Kualitas Pangan,0.8697
TXT0382,"mbg 'makan' hampir separuh anggaran pendidikan, pengamat: pendidikan jadi nomor 2",Anggaran,0.9106
TXT0383,"kalau tom lembong dipenjara karena  dianggap merugikan negara harusnya yang  involved di project ikn, mbg, coretax, food estate, pengadaan laptop chrome, dan lain lain masih banyak lagi harusnya diproses dan dipenjarakan juga dong. sudah proven merugikan negara itu mah.",Politik,0.3628
TXT0384,mbg. b nya apa kawan. . .,Lainnya,0.7663
TXT0385,"gizi seimbang di sekolah bisa jadi awal perubahan besar. anak-anak belajar lebih fokus, tubuh lebih sehat, dan masa depan jadi lebih cerah",Sasaran Penerima,0.9488
TXT0386,di wilayah kabupaten yang saya tempati belum semua sekolah dapat mbg. yang dapat adl sekolah² di pusat kabupaten dan kecamatan. sekolah di wilayah gunung yang  jauh justru belum  dapat mbg sampai sekarang.,Distribusi,0.9058
TXT0387,komunikasi pa juga jelek terlalu pede dengan kebijakannya yang kadang bikin masyarakat muak contoh soal kemiskinan &amp; mbg,Politik,0.9153
TXT0388,"ketika kampanye pilpres kemarin  mengusung mbg, mengapa pernyataan sejenis ini tidak viral?",Politik,0.9061
TXT0389,"mohon hentikan. mereka  calon penerus bangsa. berikan saja pekerjaan dan upah layak untuk  orang tua mrk, lebih dari  mbg bisa mereka  dapatkan anggaran mbg untuk  pendidikan, pembangunan, sembako, dan kesehatan saja",Anggaran,0.9044
TXT0390,"dari awal, disarankan ada pengukuran awal sehingga dampak mbg terukur. kayaknya tidak dikerjakan. kalau alasan biaya dan repot, kan bisa dalam  bentuk kelompok kontrol..*eh",Tata Kelola,0.9489
TXT0391,cuih mau dijadikan  tumbal biar tidak kena kasus keracunan mbg dasar pemerintah dzolim,Kualitas Pangan,0.862
TXT0392,"mbg today, ini masih mending ada susu yang  kemarin ayam nya seuprit sayurnya seuprit tidak pakai  susu, silahkan dicoba stel",Kualitas Pangan,0.8608
TXT0393,"danantara bukan janji kampanye diadakan koperasi desa bukan janji kampanye diadakan mbg (makan bodoh  gratis) awut-awutan tetap jalan,bukan sementara distop,perbaiki sistem terus  mau bilang indonesia emas??",Politik,0.917
TXT0394,"kesehatan anak prioritas, program mbg bantu wujudkan itu lewat makan bergizi gratis",Sasaran Penerima,0.9498
TXT0395,"sudah terjadi. dan rasanya ini tidak mungkin permainan 1 orang . buktinya yang bersangkutan hanya digeser posisinya, tidak di proses hukum",Kualitas Pangan,0.6452
TXT0396,kami akan dirikan sekolah rakyat dengan skema boarding (asrama) dan pusat distribusi makanan bergizi gratis (mbg) bagi siswa di pulau barrang lompo dan barrang caddi.,Distribusi,0.9035
TXT0397,dana mbg habis  di markup..,Anggaran,0.9035
TXT0398,siapin mbg gak?,Lainnya,0.9152
TXT0399,"lele busuk buat lauk mbg, anjing sekali  republik ini, ngentot ngentot. segera lakukan evaluasi sama bangun  yah mas “jgn menyalahkan rakyat lagi.",Kualitas Pangan,0.8509
TXT0400,"akan tetapi, natasya menjelaskan belum semua mengintegrasikan mbg dengan edukasi, tidak dilakukannya pengukuran status gizi, proses penjaminan kebersihan, keamanan, dan nutrisi, belum semua aktor memahami peranannya, risiko sampah makanan.",Tata Kelola,0.9508
TXT0401,(( riau bukan sumatera)) ternyata sekolah gratis tak cukup pantas pak prabowo kencang benar dengan  program mbg kira kira program apalagi yaa untuk mencerdaskan orang orang tolol mirip  gini..,Politik,0.9146
TXT0402,potret saya kalau  dapat  mbg. tidak akan cocok apalagi yang  ada maggotnya,Kualitas Pangan,0.8719
TXT0403,yang ngerancang program mbg asbun. yang ngejalanin program mbg delusional. yang makan mbg keracunan.,Tata Kelola,0.9538
TXT0404,"jadi yang benar  mbg bikin tambah pintar  matematika+b.inggris.. atau mbg bikin keracunan? ini pasti karena  siswanya belum ter biasa ""makan enak""",Kualitas Pangan,0.8611
TXT0405,"masih ego sekali  ngelanjutin mbg? mau efesiensi dimana lagi sampai mbg tuntas? bmkg dan brin kena efesiensi itu  berasa sekali  loh.. gempa di poso saya telat tahunya, brin yang perlu riset untuk preservasi kebudayaan indonesia masa harus pakai  duit individu?",Anggaran,0.9017
TXT0406,babinsa koramil 05/waingapu monitoring penyaluran mbg di sdm waingapu,Distribusi,0.9037
TXT0407,sosialisasi program makan bergizi gratis di cibinong: komitmen bersama untuk generasi sehat dan unggul,Sasaran Penerima,0.9467
TXT0408,"update mbg adikku kmrnn, makanannya cuma  kentang, wortel, buncis, bakso (1 biji), dan tahu (1 biji). tanpa nasi dan susu. konsepnya salad mungkin ya, tapi pakai  saos tomat (yg biasanya buat fried chicken) sebanyak 1 bks. wow.",Kualitas Pangan,0.8618
TXT0409,"sekarang anaknya kaga sekolah, otomatis kaga dapat  mbg. memang  pemerintah yang sekarang cerminan rakyat mayoritas si. tolol semua",Politik,0.915
TXT0410,"disuruh datang  bang anaknya di hari  senin, ambil  sembako (beras, telur, makanan ringan, susu, dll) itu buat mbg seminggu tapinga",Distribusi,0.9059
TXT0411,kasih mbg saja ,Lainnya,0.9265
TXT0412,mbg ngeracunin kok tidak kena apa apa,Kualitas Pangan,0.8494
TXT0413,"makan bergizi gratis (mbg) bukan sekadar memberi makan, tapi membangun masa depan. gizi cukup membuat anak sehat dan cerdas, sekaligus menggerakkan ekonomi lokal. mbg adalah investasi untuk generasi unggul dan indonesia sejahtera.",Ekonomi,0.9748
TXT0414,"pak , sudahilah program mbg itu, lebih banyak mudharatnya daripada manfaatnya.",Tata Kelola,0.6482
TXT0415,bhabinkamtibmas kel. buaran brigpol harimas melaksanakan monitoring dan pemantauan makan bergizi gratis di sdn 02 buaran,Distribusi,0.8775
TXT0416,"berarti kalau  danantara misal berhasil salah satu jadi prestasi terbesarnya ya om, ditopang kebijakan populisnya lewat mbg.. wow..",Politik,0.918
TXT0417,"luhut sebut anggaran mbg tembus rp300 triliun pada 2026, sri mulyani buka suara",Anggaran,0.9138
TXT0418,apakah anggaran mbg 300t juga masuk ke anggaran pendidikan?,Anggaran,0.9066
TXT0419,"yang  harusnya dipanggil ya mbg, malah korban ini bagaimana  logikanya.",Tata Kelola,0.7031
TXT0420,"mbg makan jadi t*i, pendidikan bikin pintar ",Politik,0.7931
TXT0421,"ini negara lagi ketar ketir ya sama pemasukan, sementara pengeluaran deres, hambur”in saja  noh ke mbg terus",Anggaran,0.8973
TXT0422,"""dengan anggaran yang sediakan, sekolah diberi tanggung jawab untuk mengadakan mbg. salah satu opsinya dengan metode prasmanan, sehingga makanan yang disajikan masih hangat dan fresh,"" kata charles di jakarta, kamis (14/8/2025).",Tata Kelola,0.9451
TXT0423,aiptu susilo ari bhabinkamtibmas kel. cipondoh makmur melaksanakan monitoring pembagian makanan bergizi gratis (mbg) kepada 257 siswa/i mi dan mts assalam kel. cipondoh makmur rabu 6 agustus 2025 pukul 10.30 wib. kegiatan ini merupakan bentuk hadirnya polri di tengah masyarakat,Distribusi,0.8977
TXT0424,"badan gizi nasional menyebut jumlah penerima manfaat program makan bergizi gratis mencapai 5,5 juta orang, terbanyak kepada siswa sd.",Sasaran Penerima,0.9488
TXT0425,"sumpah ini lebih baik mbg berhenti secepatnya deh, ini kementrian isi nya banyak orang orang tidak kompeten plus tidak punya otak",Tata Kelola,0.9367
TXT0426,kayaknya belum dapat jatah mbg,Distribusi,0.9056
TXT0427,"mbg itu upaya pemerintah untuk memutar ekonomi, jual/beli di tingkat micro, biar aktivitas pasar bergerak dan tumbuh. pertahanan itu duid mati, kamu beli jet buat triliunan buat ditaroh atau dibakar. tidak ada feedback ekonomi. postingan orang ini sudah benar ",Ekonomi,0.9739
TXT0428,"kalau  kalah, maka solusinya: ai, hilirisasi, mbg, kemenyan dan danantara..",Politik,0.9142
TXT0429,"sudah sedemikian sering kasus keracunan mbg, tapi sekali pun saya  belum baca berita penyedia makanannya dipidana.",Kualitas Pangan,0.864
TXT0430,"dipikir pikir jajanan sekolah yang  seada adanya tuh kek aman aman aja, tapi kenapa mbg keracunan terus  sudah",Kualitas Pangan,0.8596
TXT0431,anggaran sebesar itu lebih baik gunakan untuk membangun lapangan kerja yang  layak sehingga anak-anaknya bisa makan bergizi. bukan bagi-bagi cuan untuk mengelola mbg yang  sangat menggiurkan.,Anggaran,0.9039
TXT0432,dan endonesa mah masih ngurusin mbg yang  serba keracunan itu 🫂,Kualitas Pangan,0.8588
TXT0433,ndasmu wok‼ presiden kucing ompong. ngapain masih  sowan2 laporan kamu itu ke rakyat‼ laporin ke rakyat pencapaian2 pemerintahan lu. tidak ada kan? pengangguran naik kemiskinan naik anak2 keracunan mbg utang bengkak neraca defisit menteri2 blunder negara gaduh dan lain,Politik,0.9146
TXT0434,mbg dan semua makanan yang masuk di tuhuh kita bakal kek mana ya nanti,Kualitas Pangan,0.8603
TXT0435,"coba sehari aja, syukur2 tiap hari catering atau jamuan makan baik di kantor ataupun dinas luar para pejabat itu ganti saja  dengan menu mbg. kan katanya bergizi, menambah kecerdasan, cobain sendiri dulu dong.",Kualitas Pangan,0.8488
TXT0436,mbg tuh ada laporan nilai gizinya tidak sih? apa laporan anggaran doang? makin lama kaya makin asal asalan menunya,Tata Kelola,0.5938
TXT0437,"prestasi yang  di maksud : rusuh antri gas lpg, rusuh rekening diblokir, danantara masih tidak jelas, mbg keracunan, kontroversi dwi fungsi tni, dan masih banyak lagi",Politik,0.9204
TXT0438,"kalau makanan dalam menu mbg ada belatung, berarti siapa yang harus dipenjara ?",Kualitas Pangan,0.8575
TXT0439,bagaimana  kita tahu mbg yang  disalurkan sesuai dengan  yang  ditagih ke pemerintah ya?? celah korupsi,Distribusi,0.8957
TXT0440,"menteri keuangan sri mulyani memproyeksikan anggaran untuk mbg bakal melonjak hingga 240t di tahun 2026. anggaran mbg di 2025 mencapai 71t, dalam apbn 2025. maka kenaikan pada 2026 mencapai 238%. menurut smi, kenaikan ini mempertinbangkan target jumlah penerima yang masih",Anggaran,0.9076
TXT0441,daerah mana yang masih ada mbg ..??,Distribusi,0.9044
TXT0442,money laundering ini si. cek sekitar kita banyak yang  tanya  mbg itu ada atau tidak ,Tata Kelola,0.8355
TXT0443,program mbg untuk menunjang kesehatan para pelajar,Sasaran Penerima,0.9475
TXT0444,di barak dapat  mbg tidak yis,Lainnya,0.8439
TXT0445,nca tiap hari makan mbg bagaimana  ya dia,Lainnya,0.3602
TXT0446,"hingga semester | 2025, alokasi untuk mbg telah terealisasi sebesar rp5 triliun yang disalurkan melalui 1.863 satuan pelayanan pemenuhan gizin (sppg)/dapur umum.",Anggaran,0.9096
TXT0447,"kenaikan gaji pns itu berbanding lurus dengan kenaikan daya beli. semakin gaji pns naik, semakin baik daya beli. mbg buat apa.",Anggaran,0.8666
TXT0448,"jadi galau, program mbg ini benar-benar  bikin omset kami penjual makanan di sekolahan turun drastis, plus harga bahan2 makanan terutama bawang di pasar jadi mahal sekali  karena  permintaan yang  besar dari penyedia layanan mbgnya",Ekonomi,0.9362
TXT0449,"daerah saya kabupaten di sumatera, tidak ada tuh mbg mbg, mbg ini memang khusus jawa saja  kahh?? atau khusus kota² besar saja ",Distribusi,0.9039
TXT0450,"pernah dengerin yang kerja di mbg mereka pun defensive dengan alasan ""namanya saja  mbg (makanan bergizi gratis) jadi ya gizinya begitu  deh.. maksud kamu begitu  deh??",Kualitas Pangan,0.8212
TXT0451,"cetak generasi sehat, program mbg sasa hingga pelosok",Sasaran Penerima,0.9442
TXT0452,sumpah kocak sekali  adik saya disuruh ke sekolah pas libur buat ambil  mbg,Distribusi,0.9042
TXT0453,"yaiyalah, mengadakan  mbg tiap hari, hitung saja  itu berapa pengeluaran negara, buat program tsb. bisa saja ngalahin pengeluaran negara waktu covid",Anggaran,0.9062
TXT0454,kebanyakan sarapan mbg..,Lainnya,0.922
TXT0455,mbg siapa  kii?,Lainnya,0.9242
TXT0456,kak na jahat ngetawain saya  saya  otw buyin siap mencampakkan mbg wowok yang  tidak enak itu,Kualitas Pangan,0.8578
TXT0457,makan bergizi gratis (mbg) yang kembali digulirkan sebagai program prioritas nasional 2026 dinilai sukses melakukan akselerasi pertumbuhan penerima manfaat. hal itu diutarakan oleh wakil ketua dewan perwakilan daerah republik indonesia (dpd ri) tamsil linrung setelah melakukan,Sasaran Penerima,0.947
TXT0458,kamu pasti mikir keracunan mbg itu level bahayanya sama dengan  keracunan kopi sianida.,Kualitas Pangan,0.8596
TXT0459,"mbg mbg taikk, program belum  merata 100% kok berani klaim mencerdaskan bangsa, lelucon apa lagi ini wok",Distribusi,0.9065
TXT0460,"komitmen presiden dengan program prioritas makan bergizi gratis menjadi pondasi agar generasi muda pemilik masa depan lebih berdaya menghadapi tantangan jaman menuju indonesia yang lebih baik, indonesia emas 2045.",Sasaran Penerima,0.9417
TXT0461,program mbg beri dampak domino untuk ekonomi sekitar,Ekonomi,0.9742
TXT0462,dapur mbg,Lainnya,0.9276
TXT0463,tahun depan pasti jumlah orang pibtar terutama siswa pintar di indonesia bakal melonjak sebanyak 58% berkat mbg,Sasaran Penerima,0.9473
TXT0464,"sama narasinya dengan  mbg meski banyak yang keracunan, ""masih mending ada yang  kasih makan gratis. malah ngeluh"" negara dengan  angka kemiskinan 68.3% memang butuh pendidikan gratis",Kualitas Pangan,0.8605
TXT0465,mbg &amp; sekolah rakyat,Politik,0.9155
TXT0466,"yang  disorot dunia internasional itu mbg yang ada belatung pak, jangan pada  duluan..",Kualitas Pangan,0.8585
TXT0467,"katanya stella makan bergizi gratis bisa menjadikan pintar matematika, kiran stella tuh profesor eeh tidak tahunya  cuma pengharum ruangan .. 🤭🤣🤣 selamat pagi ..",Politik,0.8949
TXT0468,mbg buka lapangan kerja baru,Ekonomi,0.9729
TXT0469,"paket makan bergizi gratis selama liburan sekolah, dari roti, telur, hingga buah",Distribusi,0.9082
TXT0470,"gausa ditemenin, makan tuh mbg",Lainnya,0.926
TXT0471,mbg kamu gini?,Lainnya,0.9255
TXT0472,kelamaan. kumpulin di tempat kerjanya aja. terus  dikasih jatah mbg yang sudah dikasih racun tikus.,Kualitas Pangan,0.8611
TXT0473,"omon-omon saja  ini mah, dapur mbg beserta pekerjanya itu jatah buzzer dan timses 02",Tata Kelola,0.9369
TXT0474,"surat dari seorang guru untuk presiden. selamat pagi, pak saya ingin bicara atas nama pribadi. kabarnya mbg telah merekrut 290.00 tenaga kerja. dana yang diambil 44% dari alokasi dana pendidikan bersumber dari 20% apbn. dulu kabarnya bernama makan siang gratis,",Anggaran,0.9065
TXT0475,kayaknya lebih bergizi dan nikmat ini daripada mbg,Kualitas Pangan,0.8544
TXT0476,rumornya food tray mbg tuh tidak memenuhi standar food grade ya? ada yang ngecek tuh orang yang  punya alatnya.,Tata Kelola,0.7657
TXT0477,"ambyar sumber semua masalah daerah hari ini, khususnya di pati adalah kebijakan efisiensi omon omon buat kepentingan rakyat tapi anggaran parcok sama parjo naik ratusan triliun dan program tidak jelas dari pusat seperti mbg, kopdes merah putih, penambahan batalyon, danantara dan lain",Anggaran,0.9106
TXT0478,launching makan bergizi gratis pada peserta didik smp negeri 1 kota tebing tinggi.,Distribusi,0.8895
TXT0479,"iyaloh ka, di kota ku banyak anak anak di sekolah dasar pada sakit perutt karena  mbg, bahkan kenalanki banyak jadi korban, bukannya ganti program, tapi ini malah tambah  anggarannya anjir, kocak sekali ",Kualitas Pangan,0.8599
TXT0480,"sekolah kalau  jadi makanan kayaknya bakal jadi mbg, kadang kalau  enak yaa enak sangat  tapi kalau  tidak enak ya tidak enak bgt??",Kualitas Pangan,0.8626
TXT0481,"apanya mana segitu jelas sangat  definisi ""mana"" gw. yaudah kalau elu merasa saya hidup di satu circle aja, circle lainnya jadi tidak keliatan. coba kasih update kasus keracunan mbg. evaluasi sudah sejauh mana? update terakhir yang  saya tau, bangun  malah minta tambah anggaran?",Kualitas Pangan,0.7824
TXT0482,dari sekian puluh juta anak penerima mbg pasti ada satu dua bahkan lebih yang terkena kasus keracunan karena kita tidak bisa jamin semua sppg nya taat prosedur dan menjaga benar kualitas bahan dan hasil masakannya🫤🫥,Tata Kelola,0.4
TXT0483,kepala badan gizi nasional (bgn) dadan hindayana menjelaskan skema pemberian mbg kepada murid saat libur sekolah. mbg akan dibagikan ketika murid datang ke sekolah. lanjutkan mbg keren,Distribusi,0.9061
TXT0484,"sampai ketelepasan bicara  ""ya bodoamat masalah anggaran, kalau  yang  disajikan makanannya malah jadi basi"" gila  kali, sekolah jadwal siang dan istirahat makan jam 2. tapi mbg dikirim dari jam 9 pagi. minta ganti jam antar malah dijawab ""kita juga repot bu, masak dari  mlm""",Kualitas Pangan,0.6313
TXT0485,"sudah gaji kecil,disuruh nyicip mbg",Anggaran,0.7959
TXT0486,d-1 mbg di sekolahku dan isinya hikmahnya saja  🤣,Lainnya,0.8088
TXT0487,komitmen pemerintah mempercepat pelaksanaan program makan bergizi gratis (mbg),Tata Kelola,0.4456
TXT0488,"kepala badan gizi nasional (bgn), dadan hindayana, menyatakan bahwa pihaknya akan mengajukan tambahan anggaran sebesar rp 50 triliun untuk program makan bergizi gratis (mbg). dalam rapat dengan komisi ix dpr, dadan menjelaskan bahwa anggaran awal sebesar rp 71 triliun",Anggaran,0.911
TXT0489,"program makan bergizi gratis (mbg) telah menjangkau 7,3 juta penerima manfaat melalui 2.375 dapur gizi aktif di seluruh indonesia. pembangunan merata, kemerdekaan semakin nyata.",Sasaran Penerima,0.9455
TXT0490,"saya yakin tujuan dan manfaat mbg baik, yang  salah pelaksana setempat yang  tidak bertanggung jawab termasuk jika ada pemotongan anggaran oleh pihak pemerintah setempat.",Tata Kelola,0.9534
TXT0491,seram  mbg saja  gagal ya karena  mereka  pakai  praktik militer juga.. bagaimana  obat2an nyangkut nyawa orang.. main2 nyawa orang lain macem boneka,Tata Kelola,0.9436
TXT0492,makanya pemerintah kudu sangat  ngeratain kualitas pendidikan. bukannya mbg mbg terus  taii. saya sebagai anak pendidikan miris sekali  liat yang  sudah smp tidak bisa perkalian padahal bukan daerah pelosok jg. bayangin sudah yang  sekolahnya pelosok apa tidak makin jelek itu.,Distribusi,0.8681
TXT0493,retret pakai duit pribadi dibubarkan. retret ngabisin duit negara yang dikumpulkan dari pajak rakyat didukung. kaum mendang-mending memang  butuh makan siang gratis biar racun otaknya dibersihkan racun mbg.,Anggaran,0.8991
TXT0494,"kunker ke bungo, kapolda jambi tegaskan peran penting kepala sppg dalam menjamin keberhasilan program mbg",Tata Kelola,0.9442
TXT0495,"selasa, 29 juli 2025 pukul.08.00 wita di wilayah kodim 1408/makassar dilaksanakan penyaluran makan bergizi gratis oleh sppg ( satuan pelayanan pemenuhan gizi ) kota makassar.",Distribusi,0.9014
TXT0496,"lebihan cuma 1 kang, buat ketua mbg/sekolahan",Tata Kelola,0.5553
TXT0497,program mbg memiliki banyak manfaat,Sasaran Penerima,0.9379
TXT0498,"makan bergizi gratis adalah fondasi masa depan pendidikan yang lebih berprestasiprogram mbg hadir supaya anak indonesia makin sehat dan konsentrasi belajar makin oke, bukan sekadar bagi-bagi makan bergizi gratis",Sasaran Penerima,0.9452
TXT0499,mbg..makan belatung gratis?,Kualitas Pangan,0.8544
TXT0500,"program makan bergizi gratis untuk anak-anak di indonesia, terutama di wilayah timur",Sasaran Penerima,0.9406
TXT0501,"pendidikan itu amanat konstitusi, makan bergizi gratis hanya janji kampanye yang  nyata2 membebani apbn..alih2 bergizi malah dibanyak tempat menimbulkan keracunan massal. dan hanya jadi proyek orang orang terdekat saja .",Anggaran,0.9068
TXT0502,"bohong nih prabowo si paling jago retorika basis abs pantes dicap cuma omon omon jauh panggang dari  api semua laporan harus bagus, pola orba ..abs! secara data tuk mbg target 1 tahun  8 jt penerima manfaat realisasi baru tercapai 4 jt itupun anggaran sudah lebih  dari  71t/t bakal 141t/t",Anggaran,0.9075
TXT0503,siapa sih yang  pilih  presiden yang  lebih prioritasin mbg tidak jelas itu daripada ngeluarin dana buat pendidikan,Anggaran,0.9037
TXT0504,mbg oh mbg..,Lainnya,0.9253
TXT0505,cocok untuk mbg,Sasaran Penerima,0.4532
TXT0506,"how the government reacts to poisonous mbg is getting ridiculous. guru itu hidupnya sudah susah, disuruh keracunan pula. yang keracunan ya rakyat lagi, rakyat lagi. pemerintahnya tetap  korupsi sambil joget-joget karena ""emang saya artis!""",Politik,0.9159
TXT0507,"kalau sampai dikirim ke rumah ya negara auto bangkrut biasanya anak2 ambil  langsung di sekolah kok. lanjutkan mbg, biar makin jelas &amp; tidak simpang siur.",Distribusi,0.9045
TXT0508,berjalan dimana  pak presiden di provinsi sulawesi tengah belum ada program mbg yang  bapak  ketua ini sebutkan. waduhh. harapanny juga dapat  meliput pemberitaan d sulawesi tengah,Distribusi,0.9035
TXT0509,"sudahlah memanipulasi (sni), katanya mengandung bab1 pula. eh, kan bisa disertifikasi halal? ompreng mbg diduga mengandung minyak babi, benarkah?",Kualitas Pangan,0.8591
TXT0510,"apakah mbg itu harus pakai uang negara, atau ada partisipasi masyarakat (?)",Anggaran,0.9041
TXT0511,"apbn buat mbg, ikn, bunga utang, beli pesawat. pajak lesu karena  ekonomi melemah.",Anggaran,0.8999
TXT0512,mbg yang anggarannya milyaran itu harusnya kaya gini pak.,Anggaran,0.9078
TXT0513,mbg sangat bermanfaat,Lainnya,0.7916
TXT0514,makan bergizi gratis + bakteri e.coli,Kualitas Pangan,0.8572
TXT0515,mbg = makan belatung geratis,Kualitas Pangan,0.8573
TXT0516,"batalin saja  mbg minim sekali kontribusinya, uangnya difokuskan industri2 padat karya biar bapak/ibuk anak2 ini bisa kerja jadi bisa beri anak mereka makanan bergizi",Anggaran,0.9016
TXT0517,dan terjadi lagi.. belatung ditemukan di lauk mbg siswa tuban! videonya direkam saat mpls dan langsung viral. anggaran ratusan triliun anak sekolah malah makan siang gratis yang  ada belatung nya.. miris.. : ig @/tubanviral,Kualitas Pangan,0.8581
TXT0518,kalau salah ya diserahkan ke aparat hukum bukan ke kang nyinyir lanjutkan mbg,Distribusi,0.4791
TXT0519,pramuka dapat  extra mbg,Lainnya,0.8442
TXT0520,"sudah smp tidak bisa baca pun dapat mbg, karena do bukan ancaman, yang menjadi ancaman kalau perut tidak terisi.",Kualitas Pangan,0.5113
TXT0521,"haha, benar  juga, komposisi mbg sering mirip burger ""terurai"": nasi berlebih mirip  roti, lauk minim, plus buah sepotong. analisis cisdi tunjukkan 76% menu kurang energi harian, 45% tinggi ultra-proses (gula/garam), dan hanya 17% penuhi standar gizi anak. gizinya dari mana? perlu",Kualitas Pangan,0.8596
TXT0522,kasih ke anak deddy corbuzier si azka kata nya mau tuh mbg,Lainnya,0.9064
TXT0523,keracunan mbg. nih ya sebagai penjual nasi kuning. nasi kuning tuh rewel karena ada santannya. maksimal simpan di suhu ruang itu 5 jam. setelah itu harus simpen di magicom atau freezer kalau buat besok.,Kualitas Pangan,0.8609
TXT0524,"gini mas wibu, di negara demokrasi, rakyat itu punya hak untuk dapat  info terkait rancangan anggaran karena  itu salah satu bentuk keterlibatan rakyat untuk  membentuk kebijakan negara. jadi anggaran mbg, pendidikan, kesehatan dan lain harus transparan, kecuali anggaran intelijen, monggo dipaido",Anggaran,0.9144
TXT0525,dibalik mbg selalu ada niat tulus presiden prabowo supaya indonesia makin maju,Politik,0.9189
TXT0526,"lah, terus  kita bayar pajak buat apa?? mbg??",Anggaran,0.9001
TXT0527,demi mbg rakyat dpalakin dengan  brutal,Politik,0.9143
TXT0528,"gerakan mbg dorong pangan lokal, inspirasi hebat datang dari prabowo",Ekonomi,0.973
TXT0529,ini mbg??,Lainnya,0.9233
TXT0530,"sering nemuin orang blow on mirip  beginian bieb , mungkin kebanyakan makan mbg yang ada belatungnya kali ",Kualitas Pangan,0.8591
TXT0531,"asal muasal kekisruhan ini karena pemerintah pusat, efisiensi yang  mereka berlakukan di apbn demi mewujudkan mbg dan danantara, berdampak ke merosotnya dana transfer ke daerah, akhirnya kepala2 cara jalan pintas salah satunya menaikkan pbb",Anggaran,0.9033
TXT0532,anak kamu dikasih makan mbg tiap hari mirip  mau saja ,Lainnya,0.7285
TXT0533,cetak generasi program mbg sasar hingga pelosok,Distribusi,0.9033
TXT0534,"haha, bukan saya kok! prioritas nasional dimaksud adalah program seperti makan bergizi gratis, sekolah rakyat, dan koperasi desa untuk kesejahteraan rakyat. tapi kalau butuh ai prioritas, saya siap bantu!",Politik,0.9061
TXT0535,"loh, waktu kasus pertamina beberapa  bulan lalu saja  doi malah jor-joran promosi pertamina kok. beberapa  waktu lalu juga masih muji-muji tipis program mbg di podhub 🤷‍ jadi, yaah semua bisa (diatur untuk) terjadi di momen yang  'pas' 🧍‍",Tata Kelola,0.9411
TXT0536,"indo kalau bubar sudah pasti diserang sama negara sekitar kita woi, kaga bohong  gw, indo yang masih berdiri saja  diusik malay (ambalat). mending jadi negara serikat saja  asli, susah cok negara kepulauan soalnya, mbg hapus, stop buat anak banyak-banyak, produktif setiap warga negarany",Politik,0.9178
TXT0537,"tolong evaluasi kembali mbg. lapor mbg jatim banyak makanan yang  dibuang atau tidak dimakan karena  rasanya hambar ,masakan massal terlalu banyak kecenderungan rasanya tidak karuan pak.",Kualitas Pangan,0.8593
TXT0538,"hentikalah mbg dan koperasi merah putih itu , tidak akan ada manfaatnya blass. cuma borosin anggara. tidak kasihan kalian lihat kondisi bangsa ini?",Politik,0.9158
TXT0539,"tanya  serius: dari sekian banyak berita kasus keracunan mbg, kok saya belum ketemu berita vendornya dihukum ya?",Kualitas Pangan,0.8425
TXT0540,"as i said mbg ilangin, polri dikurangin, hasilnha bagi ke anggaran pendidikan, rnd sama kemhan",Anggaran,0.902
TXT0541,hidup mbg,Lainnya,0.9269
TXT0542,yang basi sudah dievaluasi dan vendor diganti dengan yang lebih baik jadi semoga kedepan tidak ada lagi menu yang tidak layak konsumsi.lanjutkan mbg,Tata Kelola,0.8881
TXT0543,"sekali2 kita roasting pemerintahan bowo — mbg: mbg saya setuju, tapi kenapa tidak ada pilot projectnya dulu untuk  testing dan uji coba? setidaknya di daerah 3t atau daerah apapun itu yang  banyak anak kelaparan jangan dikit2 langsung main ""ayo kita implementasi secara nasional""",Tata Kelola,0.8109
TXT0544,"babinsa koramil tamalatea koptu abdul haris dampingi distribusi program mbg untuk ibu hamil, dorong generasi sehat bebas stunting. kamis, 3/7/2025.",Distribusi,0.8913
TXT0545,mbg yang sangat menyedihkan. mending bawa bekal sendiri dari rumah. lebih terjamin,Kualitas Pangan,0.7888
TXT0546,"jujur salah, tidak jujur meninggal makan itu mbg. you' fuckin asshole",Lainnya,0.9142
TXT0547,bawa  bekal karena  egk dapat  mbg 🥀🥀,Lainnya,0.8966
TXT0548,"padahal mbg ujung2nya jadi isinya sepiteng, mending buat pendidikan yang  berguna buat otak.",Anggaran,0.8509
TXT0549,"yang  penting dapat  jatah tambang, mbg",Lainnya,0.3507
TXT0550,"yang paling cepat menggerakan ekonomi itu  belanja negara dalam pengadaan barang dan jasa termasuk mbg, karena  ada sirkulasi bahan makanan dan tenaga kerja. pabrik apapun kalau tidak ada yang  beli bisa tutup, perdagangan lesu.",Ekonomi,0.9714
TXT0551,"alah palingan nanti  cuma daerah kota, yang  gampang diliput biar pemerintah tuh bisa pencitraan kelihatan  berkerja buktinya mbg saja  malah terfokus ke daerah perkotaan sekolah dasar prabowonya goblok saja ",Distribusi,0.8962
TXT0552,"saya smp tidak habis pikir sama  para pemerintah yang  nganggep enteng soal keracunan mbg ini njiink!! sumpah ya keracunan itu tidak enak banget, rasanya kek mau mokat kalau yang  parah, apalagi after keracunan tuh lambung sakit. memang sudah pada  mati empatinya gara2 kebanyakan makaan duit haram.",Kualitas Pangan,0.8585
TXT0553,dkung terus mbg,Lainnya,0.9229
TXT0554,bacot lah. saya  tidak terima duit saya  dipakai  buat program mbg tidak jelas ini,Anggaran,0.8979
TXT0555,"apapun masalahnya mbg solusinya,koplak",Tata Kelola,0.4201
TXT0556,"untuk kelompok ibu hamil, ibu menyusui, anak balita, itu dilanjutkan dikirim ke rumah dan posyandu masing-masing,"" ujar dadan hindayana kepala bangun  lanjutkan mbg keren",Distribusi,0.8883
TXT0557,sampai sekarang  saya masih berharap program mbg dicancel dan di ganti pendidikan gratis dari sd sampai s1,Distribusi,0.8668
TXT0558,"china bikin mbg se enak mungkin dan pasti bergizi, ayam, daging, udang se-lengkap2 nya. sedang mbg indonesia, se-murah2 nya.",Kualitas Pangan,0.8604
TXT0559,anak2 sekolah dapat  mbg orang tua y pajak y di naikin apa y yang  gratis uang pajak buat makan anak sekolah sama  saja  orang tua yang  bayar ,Anggaran,0.9037
TXT0560,yang perlu kita pahami ini tergantung kesepakatan guru dan wali murit sanggup datang kesekolah apa tidak? kalau tidak ya mbg stop sementara tetapi kalau kompak datang ya lanjut.lanjutkan mbg,Distribusi,0.9057
TXT0561,mbg ini didistribusikan denan anaknya atau ortunya datang kesekolah mengambil jatah menu mbg masing masing.lanjutkan mbg,Distribusi,0.906
TXT0562,"program makan bergizi gratis (mbg) di nusa tenggara timur (ntt) meningkatkan partisipasi siswa di sekolah dan menggerakkan ekonomi lokal. dengan anggaran rp9 triliun, pemerintah pusat akan membangun 696 satuan pelayanan pemenuhan gizi untuk 1,5 juta siswa.",Ekonomi,0.9616
TXT0563,"hari anak sekolah saja , anak saya sekolah swasta tidak bonafide di cikeas bogor sampai sekarang  belum dapat mbg, tempat ini tidak jauh dari jalan besar alternatif cibubur. lah ini hari libur kok mau bagi mbg, cara baginya gimana ? harusnya merata dulu seluruh indonesia.",Distribusi,0.9027
TXT0564,"bagi pejabat, kejadian ini cuma statistik, hanya sebagian kecil dari total mbg. rakyat hanya angka",Sasaran Penerima,0.877
TXT0565,babinsa koramil 1710-02/timika dampingi pelaksanaan makan bergizi gratis (mbg) di wilayah binaannya,Distribusi,0.9068
TXT0566,hari2 ada saja  berita serupa tentang drama mbg,Lainnya,0.8699
TXT0567,"bps ini bodoh  atau  bagaimana  sih,20 ribu  untuk  makan  sehari,cuma bisa makan  mie instan ..tolol,mbg saja  12 ribu  untuk  sekali mkn,bps badan penjilat sibos ..",Kualitas Pangan,0.8544
TXT0568,"bendera one piece diurusin, itu anak2 korban2 mbg kamu anggurin",Politik,0.8334
TXT0569,"program mbg harus berjalan transparan, tepat sasaran, dan bebas pungutan liar (pungli) agar manfaatnya benar-benar dirasakan masyarakat.",Anggaran,0.5955
TXT0570,enam komoditas pangan ntb ini rawan menyumbang inflasi jika mbg efektif dilaksanakan via .com,Anggaran,0.6101
TXT0571,"kok lucu ya alasannya !! memangnya kalau sajian makanan di menu mbg ada belatungnya, sppg ( satuan pelayanan pemenuhan gizi) yang  masih baru melakukan suatu keteledoran, harus  harap dimaklumi ? itu artinya sistem perekrutan sppg kurang selektif.",Tata Kelola,0.7745
TXT0572,makan bergizi gratis tingkatkan kualitas gizi anak indonesia,Sasaran Penerima,0.9484
TXT0573,"apa tidak lebih sedih jadi wni pak? sudah di phk eh di php 19 juta llowongan kerja. bersuara demi bela sesama rakyat eh dibilang antek asing. turun ke jalan demo biar lebih diperhatikan, eh dibilang dibiayai koruptor. punya anak sekolah dikasih mbg eh malah keracunan makanan",Politik,0.9182
TXT0574,"opini saya di koran lampung post edisi 16/7/2025. judulnya, blueprint: syarat mutlak keberhasilan makan bergizi gratis (mbg). anyway, ini opini saya ketiga berturut-turut dalam minggu kedua juli di koran lampung post",Politik,0.6324
TXT0575,mbg. dengan dana yang minim di tuntut memberikan hasil yang maksimal untuk rakyat indonesia. ayo kontraktor mbg saatnya ko tunjukan pengabdian mu pada negeri. jangan cuma untungnya saja  yang ko cari,Anggaran,0.889
TXT0576,"mbg di 2027 yakin deh bakal butuh biaya 400 triliunan, sudah mirip biaya subsidi di tahun 2009",Anggaran,0.9072
TXT0577,mbg tapi silica gel,Kualitas Pangan,0.7397
TXT0578,"mbg, sekolah rakyat dan koperasi merah putih program omon omon",Politik,0.9153
TXT0579,". eumm mbg hari berapa ini yaak..?? hngg tidak enak sangat  soalnya mamnya bukan sama bisti bisti di kelas lama, rasanya tiba-tiba hambar semua",Kualitas Pangan,0.863
TXT0580,"mirip  mksdku itu  bagaimana  mau cerdas kalau  penunjangnya gaadaa, sapras dan pendidikan layaknya gaada, makan makan terus  yang  diomongin, padahal  kita bisa lihat makanan yang  disajikan di mbg ini gadaa gizinya",Kualitas Pangan,0.8593
TXT0581,trauma makan mbg🤡,Lainnya,0.9255
TXT0582,"eh pas itu kakanya bicara  mbg itu  bantu hemat uang jajan bgt, tapi gabakal ngaruh di saya  anjir guamah dibekelin terus",Anggaran,0.8801
TXT0583,zulhas coba suruh makan jatah mbg ingin  tau.. asal njeplak ae..,Lainnya,0.7383
TXT0584,"mbg ini gimana sih sistemnya? hampir setahun, sekolahku juga tidak ada tuh adanya tiap semester diminta data saja  realisasinya tidak tahu kapan",Distribusi,0.9029
TXT0585,mbg baiknya dihentikan saja,Distribusi,0.9068
TXT0586,di mbg sudah ada photoism anjrr keren,Lainnya,0.7613
TXT0587,"makanan tak layak, bangun  hentikan sementara program mbg di ntt",Distribusi,0.9032
TXT0588,"yay, misalnya gini ""koruptor di hukum seumur hidup dengan dimiskinkan"" terus  kita pilih  yay semua, yang pilih  nay kita cari tahu tuh siapa tahu bagian dari koruptor juga. terus  tiap hari ditanyain sama presiden ""gimana mbg hari ini anak anak ku?"" terus  pada jawab ""menu tidak variatif""",Politik,0.9195
TXT0589,mending dibuat gedung dari pada untuk  nombokin anggaran pendidikan yang  digarong mbg yaak.. padahal possibility dikorup lebih besar kalau dipakai mbangun gedung ya tidak siy?? whatever! pertanyaannya apakah umat sudah setuju dananya dipergunakan untuk  membangun gedung 40lt??,Anggaran,0.9042
TXT0590,"bukan suruh  sekolah harus punya mesin canggih yang bisa ngaduk masakan sendiri, tapi ya contohnya mirip  gini : orang2 memperhatikan dapur bersih, alat masak bersih, tangan, mulut, serta rambut harus ditutup agar tidak mengkontaminasi. jadi program makan bergizi tepat sasaran.",Tata Kelola,0.9512
TXT0591,dulu temenku kontra pemerintah kali wkwkwk vocal kali menyuarakan tidak suka sama kebijakan pemerintah apalagi mbg. gongnya dia masuk sppi dan lulus sekarang pro mbg kali wkwkwkwk tiap hari posting mbg. aigoo apakah dia sebenarnya  agen yang lagi nyamar wkwkwk,Politik,0.9132
TXT0592,gaji tidak seberapa dijadikan  tumbal mbg pula wkwkwwkwk negara sinting,Anggaran,0.9097
TXT0593,"aowkwo adekku tadi pulang sekolah ngomel” karena  mbg nya rasanya gaenak, padahal biasanya dirumah makan apapun selain ikan suka ",Kualitas Pangan,0.8597
TXT0594,"coba kita tanya sama .. grok, dari daftar kasus keracunan mbg di bawah ini, berapa orang jumlah korbannya..? daftar kasus keracunan/makanan basi mbg : 4 oktober 2024 di nganjuk, jatim 17 januari 2025 di sukoharjo, jateng 19 januari 2025 di nunukan, kaltara 18 februari",Kualitas Pangan,0.8565
TXT0595,jatim tidak ada mbg,Distribusi,0.9013
TXT0596,"mbg hanya memperkaya segelintir orang, sebelum semakin banyak korban jatuh stop itu program. alihkan dana besar itu buat pendidikan. indonesia belum sejahtera dan berkeadilan, ciptakanlah itu. jangan hanya memuaskan sekelompok orang sementara mayoritas dalam  situasi mengkhawatirkan!",Anggaran,0.904
TXT0597,gizi baik gimana sudah wkwkw mau saya up lagi nih mbg yang  saya dapat  di sekolah?,Sasaran Penerima,0.9063
TXT0598,mbg b nya belatung,Kualitas Pangan,0.858
TXT0599,boleh distop egk itu program mbg lukh,Lainnya,0.9125
TXT0600,anggaran pendidikan realnya cuma 400 t sisanya 335 t itu mbg.,Anggaran,0.9065
TXT0601,"inilah pentingnya memperketat pengawasan, agar kedepannya program mbg ini bisa berjalan dengan  baik. tetap lanjutkan mbg",Tata Kelola,0.9474
TXT0602,mbg program bagus. cuma  kalau  di sentral di dapur mbg itu yang bikin masalah. karena  masak dalam jumlah besar dan harus siap saji waktu yang bersamaan. jadi nya sering bermasalah. coba diberikan ke masing-masing sekolah untuk mengelola. insyaallah lebih efektif dan terjamin.,Tata Kelola,0.9471
TXT0603,terus  solusinya apa? yak benar! makan bergizi gratis,Kualitas Pangan,0.4724
TXT0604,"5um info cnntv,indragiririau+surabaya ratusan anak²sekolah,lagi²keracunan+alergi mbg&amp; bp-pom sebutmenu²mbg mengandung babi! =bukti mbg=amburadul&amp;beracun mmatikan&amp;=proyekkorup triliunan dikuasai pbowo+sdr²nya:hashim+hashom+haisom+hisit,dll!=&gt;yobubarkan rejimpbw+jkw3 ini&amp;habisipbw!",Kualitas Pangan,0.7918
TXT0605,"harus menghentikan mbg..dengan kesadaran yang  tinggi, tidak usah malu untuk kebaikan semua masyarakat.. posisi hutang sekarang kita sudah tidak mampu / berat untuk  bayar cicilan bunga, apalagi kita mau tambah  hutang lg, jadi berapa  bunga yang  pemerintah bayar untuk  selanjutnya..",Anggaran,0.9092
TXT0606,"sejak kapan mbg targetny buat balita, bayi, dan ibu hamil dangg",Sasaran Penerima,0.946
TXT0607,"kalau  ganti pemimpin kan tidak bisa instant ya, setuju sangat  kalau  mbg di berentiin aja. karena  fakta lapangan makanan mbg tuh jauh dari  kata bergizi. dan mending dana dialihin ke sektor lain yang  memang penting.",Anggaran,0.9004
TXT0608,kirain menu mbg,Lainnya,0.925
TXT0609,"kalau dikasih mbg 2 th penuh, kira2 jadi pintar  tidak yaa?",Lainnya,0.7102
TXT0610,program mbg solusi tepat kata mereka. faktanya dilapangan banyak sunatan demi sunatan,Distribusi,0.8895
TXT0611,"saya malaysia .. please when you'd have civil war indo, kamu ngapain saja  sudah tetangga kamu perang bukannya exert power and authority malah sibuk ijazah sama  mbg",Politik,0.9191
TXT0612,"ini bisa dibilang salah satu dampak serius dari mbg. bahkan di rancangan terbaru, anggaran mbg lebih besar daripada dana bos yang  dipakai  untuk  topang guru honorer &amp; operasional sekolah. kepada  mereka yang  bagian dari penopang rezim wowo harus  bertanggungjawab termasuk itu yang  bagian 58% kaum",Anggaran,0.9045
TXT0613,"setiap makan mbg, anak saya setiap sore sakit perut mulu, pernah dikasih mie goreng 🤣🤣",Kualitas Pangan,0.8652
TXT0614,"tidak perlu khawatir, karena mbg akan diperketat evaluasi dan pendistribusiannya. jadi dijamin aman dan bergizi. lanjutkan mbg",Distribusi,0.907
TXT0615,"yaallah mbg lagi, prabowo tahu tidak ya yang  bginian? kalau tahu tapi pura² buta, selamat  menanggung dosa di akhirat",Politik,0.9199
TXT0616,rp 1.376 t digelontorkan pemerintah prabowo untuk bansos hingga mbg 2026,Anggaran,0.9102
TXT0617,ya bagus tapi dananya darimana? kebanyakan dapur mbg saja  duitnya dari swasta,Anggaran,0.9116
TXT0618,"wamendiktisaintek, stella christie, bilang makan bergizi gratis (mbg) bisa bikin anak-anak lebih jago matematika &amp; bahasa inggris. kedengarannya keren… tapi tunggu dulu, efeknya tidak sesimpel itu.",Sasaran Penerima,0.9512
TXT0619,saya  ingat  sangat  ada selebgram laki bini ampe bikin video klarifikasi soa mbg pas kampanye 02 wkwk dengan  asbun tololnya. saya  gedek sangat  sumpah!,Politik,0.9195
TXT0620,"yang dipikirin hanya  makan gratis mulu, tuh makanan mbg pada keracunan kan",Kualitas Pangan,0.859
TXT0621,"dari pada motongin anggaran pendidikan buat mbg, mending felem ini yang dibatalin",Anggaran,0.9009
TXT0622,lhoh? yang ribut kan di daerah kekuasaan gerindra + kmp? kalau di daerah kekuasaan pdip menaikkan pbb tidak ribut berarti kan ada masalah di faktor kepemimpinan nya? model2 seperti  kamu ini harusnya jaman dulu dikasih mbg biar pintar matematika dan bahasa inggris. hahaha..,Politik,0.9172
TXT0623,tidak  kalah sehat dari  mbg menu ne kementrian paling independen dewe,Kualitas Pangan,0.8574
TXT0624,"ya begitulah presiden kita, harusnya dia juga mikir kan yaa gimana mbg kedepannya, soalnya itu jangka panjang selama 4 tahun, masa tidak memikirkan  yaa dananya dari mana, sampe” ngorbanin anggaran lain",Anggaran,0.9069
TXT0625,forum masyarakat makan bergizi gratis (fmmbg) jawa barat (jabar) menemukan adanya dapur fiktif dalam pelaksanaan makan bergizi gratis (mbg) yang merupakan program unggulan dari pemerintahan prabowo-gibran di wilayah jabar.,Tata Kelola,0.9439
TXT0626,"mbg indo saja  gagal kocak, presiden siapa sih kamu",Politik,0.9141
TXT0627,program mbg mendorong pemerataan ekonomi,Ekonomi,0.9736
TXT0628,"pahadal program mbg niatnya mulia loh, buat nurunin angka stunting. lanjutkan mbg",Sasaran Penerima,0.9471
TXT0629,"'perlawanannya' mungkin bukan naik banding mas, tapi kejaksaan tetiba memeriksa bangun  dan program mbg-nya prabowo, kalau kejadian bakal seru, secara mbg banyak lubangnya",Tata Kelola,0.9143
TXT0630,"possibility nya tinggi sih buat keracunan, boleh tidak sih sehari tidak makan mbg nya?? mirip  buat mastiin aja..",Kualitas Pangan,0.8571
TXT0631,semua mau sampai akhirnya orang-orang  lebih pilih  mbg aoakakaowkwkw sangat  kocak sekali memang‍↔,Politik,0.9115
TXT0632,"slot udah,mbg juga udah.",Lainnya,0.9242
TXT0633,"duuh kalau mau debat masalah ""orangtua yang tidak bisa memenuhi gizi anak"" kan sumbernya dari orangtua  yang tidak bisa dapat  pekerjaan dengan gaji yang layak, terlebih lagi pajak dinaikin buat dana subsidi mbg, bukan? program ini tuh bagus, tapi pemerintah tidak bisa ngelolanya.",Anggaran,0.8929
TXT0634,mbg gets it,Lainnya,0.9218
TXT0635,dilakukan secara terburu buru mbg sambil jalan yang masuk rs karena keracunan juga amper setiap hari terjadi.,Kualitas Pangan,0.8622
TXT0636,"harga satu porsi mbg 15rb, dimana 5rb untuk upah teknis dan 10rb full untuk makanan siap saji. tetap saja dari 10rb itu ada yang mengurangi lagi sampai 8rb/porsi. bagaimana bangsa ini mau berkah jika praktek-praktek seperti itu dibiarkan.🤔 gaji pekerja pun sangat minim.🤔",Anggaran,0.9035
TXT0637,"setelah mbg disebut meningkatkan kemampuan matematika, kini ia dikatakan dapat meningkatkan konsentrasi murid dan siswa. jadi, kesimpulannya, anak-anak kita kurang makan.",Sasaran Penerima,0.9493
TXT0638,"sisi positifnya ngebuka lapangan kerja baru, disini juga sudah ada wacana gajih satu bulan 6 juta buat para tukang masak mbg, dulu saya yang waktu sekolah jarang sekali  sarapan karena susah sebenarnya  ikutan senang  sama iri sedikit  sama mbg ini, tapi mengingat luasnya wilayah &gt;&gt;&gt;",Ekonomi,0.8053
TXT0639,apaan anjir kemarin  lihat mbg di sekolah kek nasi kucing..parah,Kualitas Pangan,0.8593
TXT0640,gambaran anak anak korban mbg beracun segera tayang,Kualitas Pangan,0.8568
TXT0641,ya salaamm.. memang  menu makanan enaknya sprti apaan sih sampai bikin sakit perut? kalau  sakit perut karena  makanan basi mbg sudah banyak  kasusnya,Kualitas Pangan,0.862
TXT0642,"jujur iya, tapi lumayan sih ini mbg nya",Kualitas Pangan,0.8514
TXT0643,"waduhh 10k..? mahal banget-banget itu, pastinya penerima mbg beruntung sangat  tuh. pastinya mbg terdiri dari masakan yang  bergizi tinggi- penuh sayuran-menu ayam-daging sapi-buah apel, anggur dll. pemerintah yang  sangat memperhatikan anak bangsa",Sasaran Penerima,0.9419
TXT0644,"kita jadi curiga , sudah berapa kali ada berita viral bahwa lauk mbg ada yang basi lah ayam yang busuk lah ada belatungnya lah , apakah ini program kesengajaan untuk generasi muda supaya terbelakang atau ini programnya orang kafir? termasuk program vaksin? rakyat harus waspada.",Kualitas Pangan,0.8607
TXT0645,hem susah anggarannya 150 m mending buat mbg,Anggaran,0.9069
TXT0646,"80 tahun kemerdekaan indonesia, bantuan mbg tepat sasaran buat kesehatan anak bangsa dan ibu-ibu hebat",Sasaran Penerima,0.9496
TXT0647,mbg kok dipertimbangkan cxcx,Tata Kelola,0.723
TXT0648,"ini kan cuma berkali pas libur sekolah anak anak doang, nanti kalau sudah selesai libur anak anak bakal diberikan makanan siap santap yang seperti biasa nya lanjutkan mbg",Distribusi,0.9034
TXT0649,"anakku yang masih sekolah kb juga ada program ini. dan ditanyain guru apakah berkenan di kasih mbg atau tidak? saya jawab saja  tidak. anak masih 3 tahun suruh makan porsi dewasa bingung juga ya, dikasih makan gratis harusnya senang  tapi untuk ini tuh mirip  takut begitu  aduh ",Distribusi,0.8297
TXT0650,"kasus mbg, pendidikan, gaji guru, korupsi, tarif trump, dunia di ambang pada  ii, itu lebih cocok dibahas dan didiskusikan solusinya. sekarang, semua energi tumpah ruah buat ngurusin ijazah orang. ayolah, ngapain?",Politik,0.9151
TXT0651,"tetapi, program mbg itu terus berjalan bahkan sudah menjangkau 6,7 juta orang dan ditargetkan mencapai 20 juta orang pada agustus 2025. oleh karena itu, prabowo meminta rakyat indonesia untuk percaya kepada proses yang berjalan dan melihat capaian-capaian yang dihasilkan nantinya",Sasaran Penerima,0.9487
TXT0652,seharusnya rp 10.00 per porsi seperti dana mbg anak sekolah.,Anggaran,0.907
TXT0653,weh.. disuruh cicipin mbg pula,Lainnya,0.9218
TXT0654,yang  suruh cobain tuh yang  buat program mbg saja  noh!,Tata Kelola,0.9274
TXT0655,"fakta: protes ""indonesia gelap"" dimulai 17 feb 2025, dipimpin mahasiswa di berbagai kota, tolak pemotongan anggaran (misalnya, pendidikan &amp; kesehatan dipangkas hingga 20% untuk program makan gratis prabowo, sumber: reuters, jakarta post). bendera straw hat one piece dipakai",Anggaran,0.786
TXT0656,"banyak yang  keracunan,baru baru ini ada lagi  tuh yang  keracunan mbg d indonesia timur",Kualitas Pangan,0.8598
TXT0657,mbg (makanan berbelatung gais),Kualitas Pangan,0.861
TXT0658,"""feeding"" itu maknanya luas, tidak cuma kasih  makan in literal meaning. harus pakai  strategi dan perhitungan budget. tidak asal omon2, lalu demi mempertahankan ego ngabisin budget sampai tombok buat kasih  makan. liat noh mbg juga hasilnya mentah, banyak yang  keracunan. mana feedingnya??",Anggaran,0.9014
TXT0659,program mbg menciptakan peluang ekonomi jangka pendek,Ekonomi,0.9746
TXT0660,"sebagai orangtua siswa yang keracunan akibat mbg, saya marah dan kecewa mendalam terhadap rezim. anak saya menderita diare hebat, muntah, dan harus dirawat—ini akibat kelalaian program yang seharusnya bergizi tapi malah beracun. saya akan tuntut pemerintah secara hukum:",Kualitas Pangan,0.8543
TXT0661,"lah? kocak. pernah survei ke bawah langsung tidak sih? data mana yang dipakai  nya? banyak sekali  yang tidak sekolah karena terkendala biaya.. jangan bicara  besar-besar aja, besarnya seberapa. dan besaran mana sama program mbg?",Tata Kelola,0.9417
TXT0662,"anda bilang tuh sama yayasan2 yang  katanya pengelola mbg, cari  untung apa cari  pahala..",Tata Kelola,0.937
TXT0663,"kamu kira masak itu asal masak jadi, kah?? makanan yang disajikan itu untuk anak sekolahan, loh? hire a professional one buat mbg kalau memang  niat cari pujian, buka cafetaria gratis di sekolah biar kelihatan proses memasaknya, jadi tidak diragukan lagi. otak diciptain masih bego.",Tata Kelola,0.8768
TXT0664,makan bergizi gratis,Lainnya,0.9248
TXT0665,dan sedihnya adalah anak-anak sembunyi2 membuang mbg dengan  alasan tidak suka.,Kualitas Pangan,0.747
TXT0666,program carut marut di wilayah saya tak ada program mbg mereka bekal  dari rumah,Distribusi,0.9031
TXT0667,kalau dipikir pikir ya peran guru dimata mereka itu mirip  pekerjaan rendahan ya? tidak masuk logika cok pikirane. woi isok isok e proyek mbg sakmunu gedene tidak ndue qc. stress!,Politik,0.8781
TXT0668,maksudnya belum terbiasa sama racun? jadi mengakui menu mbg itu beracun?,Kualitas Pangan,0.8618
TXT0669,"ada lagi yang viral anak indonesia… keracunan mbg , makanan dari pemerintah",Kualitas Pangan,0.8578
TXT0670,9 bulan kinerja prabowo (oktober 2024- juli 2025) 1. mbg 2. efisiensi anggaran apbn 2025 3. diplomasi global &amp; ekonomi (menekankan non-blok) 4. bergabung resmi ke brics 5. satelit biak &amp; luar angkasa (kerja sama rusia) 6. produksi pangan tertinggi 7. rencana giant sea wall,Anggaran,0.5768
TXT0671,🤣🤣 mungkin maksudnya tagihan tetap dikirim ke pemerintah walau tidak ada mbg dihari libur. 🤣🤣 buat nutup kerugian? 🤣🤣,Distribusi,0.9063
TXT0672,eh mbg saya  makan saja  dong tolong  ya,Kualitas Pangan,0.7479
TXT0673,"setidaknya ada tujuh program presiden prabowo subianto untuk dunia pendidikan di indonesia, diantaranya: 1. makan bergizi gratis (mbg) mbg menjadi langkah penting untuk memastikan tidak ada anak yang kelaparan dan kekurangan gizi, bahkan sejak dalam kandungan. 2. cek kesehatan",Sasaran Penerima,0.9467
TXT0674,ini di mana salahnya ya ? laporan mentri mentrinya yang  penting bapak senang ?? wowo yang  pikun ? atau duplikat mulyono yang dia jalankan mbg bermasalah masih di agung agungkan,Tata Kelola,0.9063
TXT0675,"mbg masih ada tidak sih ges? saya mau  tanya  keluarga gue, adik  adik  sepupu saya sekolanya swasta semua..",Distribusi,0.906
TXT0676,berhasil yaa pak mbg ini??,Lainnya,0.9204
TXT0677,saya juga mau daging polcasan buat mbg,Kualitas Pangan,0.8581
TXT0678,mbg program terbaik cinta kamu prabowo,Politik,0.9117
TXT0679,"sejauh ini didaerah saja tidak ada itu  nerima mbg inii, kalau terpusat dikota"" besar saja  ya percuma, heran gw.",Distribusi,0.9049
TXT0680,"wowo suruh efisiensi di segala lini demi mbg, malah istri menteri minta dilayani dengan  fasilitas negara. resuffle maman aja, wo",Anggaran,0.9004
TXT0681,sekolah  saya mbg nya bau sabun untung sudah tidak dapat ,Kualitas Pangan,0.8599
TXT0682,mbg dan kopdes merah putih 'jalan tol' untuk pengentasan kemiskinan,Politik,0.9027
TXT0683,mbg biang kerok kale,Lainnya,0.9245
TXT0684,sabar karena belum biasa.. demikian kata menteri zulhas murid makan mbg harus ada belatung ayam nya. supaya terbiasa. kata menteri titipan jokowi.,Kualitas Pangan,0.8594
TXT0685,lagi  tidak penting sangat  mbg programa anjingg si wowo goblok!!,Lainnya,0.9105
TXT0686,"sabar bu, di dalam menu mbg, ada hak pejabat dan keluarganya, jadi mereka mungkin sudah ambil bagian duluan..",Sasaran Penerima,0.4157
TXT0687,mbg = makan + blatung grtid .,Kualitas Pangan,0.8566
TXT0688,kok tidak malu dia mengumumkan ambil andil dari  the mess of mbg,Lainnya,0.9266
TXT0689,"mbg adalah salah satu komponen program pengentasan kemiskinan yang berorientasi pada jangka panjang, yaitu terciptanya generasi penerus yang tercukupi gizi, bebas malnutrisi dan stunting serta punya daya saing dalam kompetisi global",Sasaran Penerima,0.9431
TXT0690,perbaikan gizi lewat mbg,Tata Kelola,0.9142
TXT0691,"tidak paham gizi karena  masyarakat kita literasinya rendah. literasi rendah karena  apa, pendidikan. terus  pendidikan kenapa tidak bisa di gapai? karena  mahal. fokusnya ya kependidikan. bukan mbg.",Tata Kelola,0.8677
TXT0692,"kalau  ke mbg enaknya ngapain jir, saya bingung kalau  sudah kesana",Kualitas Pangan,0.8637
TXT0693,"yang  salah ya orang"" yang  masak dan sediakan bahan pokoknya. taulah negara ini tanpa korup ya mustahil, anggaran buat mbg kalau dikorup ya auto makan tidak bergizi atau bahkan beracun karena sudah basi atau bahan pokoknya memang  tidak memenuhi standar mutu intinya mah bukan prabowo yang  masak",Anggaran,0.6911
TXT0694,"surat unik di program mbg karangmojo gunungkidul, ada yang minta jajanan, ada pula yang minta sambal  bawang -",Kualitas Pangan,0.8641
TXT0695,"dana triliunan rupiah yang digelontorkan untuk mbg itu tidak akan lenyap begitu saja, melainkan akan mengalir deras dan berputar kencang dalam sistem ekonomi nasional, menciptakan gelombang manfaat yang tak terhingga.",Anggaran,0.9062
TXT0696,"gimana mau kuliah gratis, duit negara buat mbg dan naikin gaji pemerintah ‍ tidak ada yang  benar  memang  pemerintah indo",Anggaran,0.8637
TXT0697,"kalau lembaga-lembaga yang  memiliki keterkaitan dengan  polisi &amp; tni ikut dalam pengadaan mbg, lalu siapa yang  mau periksa mereka? ini masalahnya kalau prabowo menarik institusi pertahanan &amp; keamanan ke dalam kerja birokrasi sipil, hukum akan sulit menjangkaunya",Tata Kelola,0.9423
TXT0698,ya kalau sudah basi jangan dikonsumsi kak.lanjutkan mbg,Kualitas Pangan,0.8591
TXT0699,mbg setara gyukaku,Lainnya,0.9245
TXT0700,(baca replies twit di bawah) ini mbg ada buzzer-nya? porsi anggaran berapa nih buat beli makanan sama buat buzzer?,Anggaran,0.9024
TXT0701,mbg easy,Lainnya,0.9275
TXT0702,desa saya di jepan mengunggah menu dan foto mbg setiap hari. orang tua bisa melihat apa yang dimakan anak-anak di sekolah. saya lapar sekarang.,Kualitas Pangan,0.8603
TXT0703,"anggaran pendidikan rapbn 2026 ini naik dari rp724,3 triliun pada apbn 2025. bedanya, hampir setengah dari anggaran pendidikan rapbn 2026 (rp335 triliun) akan dialokasikan ke program makan bergizi gratis (mbg).",Anggaran,0.9081
TXT0704,tunjangan pejabat naik 50x lipat mbg bikin kenyang rakyat ? note mbg di salah satu sekolah di daerah kendal tanggal 20 jog,Anggaran,0.9008
TXT0705,makan bergizi gratis untuk anak-anak indonesia,Sasaran Penerima,0.9471
TXT0706,"kan sudah juga dikasih makan enak lewat mbg, belum pada kebagian?? lapor ke pak lurah.",Kualitas Pangan,0.8244
TXT0707,wowo sampai ngutang demi jalanin mbg tahun depan padahal bisa program lima tahun yang lebih produktif seperti china tahun 1953 tentu saja didukung infra rel &amp; pelabuhan yang masif. sesuaikan industri yang dibangun w/ supply dan demand. jangan asal bikin pabrik semen kaya sekarang ,Ekonomi,0.972
TXT0708,oh maksud mempercepat distribusi mbg belatung itu?,Kualitas Pangan,0.853
TXT0709,hidupmu hanya makan saja  kah standarnya? makannya mbg buat seharian? kalau  tidak sekolah gimana?,Kualitas Pangan,0.8594
TXT0710,"daripada dihambur2 buat mbg yang semakin kesini semakin aneh, mending buat ini. jutaan anak usia sekolah di indonesia yang tidak bisa masuk ke sd negeri  bisa sekolah tanpa harus memikirkan biaya. pemerintah tidak ingin rakyatnya pinter?",Sasaran Penerima,0.909
TXT0711,rawr kuda besi berbekal mbg,Lainnya,0.9254
TXT0712,puluhan pelajar di palu diduga keracunan mbg,Kualitas Pangan,0.8607
TXT0713,"mungkin ada benernya, karena setiap dibukanya sppg, setiap pos nya langsung  terisi penuh. tapi kualitas pengolah makanannya yang belum  merata. pengolahan produk mbg itu kaya handle katering besar, butuh koki2 handal yang  bisa manajemen waktu  dan menghasilkan rasa yang enak di setiap masakan",Tata Kelola,0.8917
TXT0714,lomba masukin jarum ke botol lomba masukin siswa ke rs jalur mbg,Distribusi,0.8984
TXT0715,"mbg harus berbenah, permasalahannya selalu sama",Tata Kelola,0.9476
TXT0716,"apa ..apaan ini,ingat tahun ini mbg harus mencapai 20% realisasi di tahun ini jika tidak tahun depan capaian harus lebih dari 20% temasuk ketertigalan progres tahun sebelumnya,tolobg anggota dpr anda harus menjadi supervisi untuk program ini termasuk janji 19 juta lapangan kerja.",Anggaran,0.8699
TXT0717,"sepertinya  huru hara di twit cuma  disini saja  tidak terlalu ngaruh ke dunia luar netizen tolak  mbg tetap  dilanjutin, tolak  sekolah rakyat tiba2 sudah jadi aja, tolak  koperasi merah putih tiba2 sudah beroperasi juga sat set bgt, giliran meratakan fasilitas sekolah negeri bertahun2 prosesnya lama",Politik,0.9058
TXT0718,sebenarnya bukan maksud pak melakukan klaim berlebihan mbg akan tetapi lebih semata sedang membuai mimpi² indah dan menipu rakyat banyak atas program makan bergiliran gratis kita semua maklum kok kejadian di lapangan sesungguhnya seperti apa 🤣,Politik,0.9207
TXT0719,"gimana tidak bu lak. mbg tiap hari, menterinya sebanyak itu, gaji hakimnya dinaikkan kan? belum pos2 yang lain yang minta naik anggaran awowkwkwkwk",Anggaran,0.9028
TXT0720,"guoblok lagi. india saja  kasih mbg, gdp/cap cuma  1/2 ri memang ada masalah apa dengan  mbg? mbg penting biar tidak ada lagi orang2 kek kamu berdua di masa depan",Kualitas Pangan,0.779
TXT0721,dukung program makan bergizi gratis (mbg),Lainnya,0.9247
TXT0722,mbg coin is great fr,Lainnya,0.9264
TXT0723,coba tanya berapa anggaran mbg atau berapa nilai gizi dari mbg??,Anggaran,0.9022
TXT0724,"kepala bgn: hingga juli 2025 sudah 6,2 juta warga indonesia terima mbg",Sasaran Penerima,0.9497
TXT0725,"kemarin sempet liat foto mbg ultra processed food🤷‍upf lebih  murah dari  real &amp; whole food, ini juga pe-er. btw, pas kapan ke puskesmas bicara  sama  ibu2 katanya sakit kepala. pas periksa tensi pegawainya tanya  ibu semalam  sudah makan blm, ternyata sakit kepala karena  belum  makan dari  malem. sedih🥲",Kualitas Pangan,0.8649
TXT0726,"jangan pakai  pengandaian ""jika"" yang  berjalan saat ini, yang  berjalan sesuai rencana, yang  kena kasus keracunan, vendor tidak dibayar, tidak bolehnya bikin video dan hal2 lainnya yang  berkaitan dengan  mbg bagus atau jelek?",Tata Kelola,0.9487
TXT0727,program mbg merupakan bagian strategi nasional dalam pemenuhan gizi dan penurunan angka kekurangan gizi di daerah. (6/8),Sasaran Penerima,0.9475
TXT0728,kk..ngakak sambil kontrol 🤣 semya gara2 mbg tapi para pemimpin pejabat petinggi makin gede gajinya,Tata Kelola,0.713
TXT0729,"padahal para guru sudah mewanti wanti ""jangan posting mbg ke sodmed"". eh ada saja  yang  lolos.",Tata Kelola,0.8942
TXT0730,"sejak program tersebut  di canangkan, di derah saya belum ada 1 orang pun siswa yang  menikmati sebutir nasi mbg pak , jadi tidak usah terlalu lebay",Distribusi,0.7151
TXT0731,program mbg itu modal anak indonesia siap cetak prestasi di sekolah,Sasaran Penerima,0.9471
TXT0732,"memang tidak jelas njir mbg mbg ini, tidak merata",Distribusi,0.9031
TXT0733,sekolah saya  tiap hari dapat  mbg,Distribusi,0.9047
TXT0734,mana surat resminya kak? bukannya mbg itu pihak ke 3 kan?,Tata Kelola,0.9422
TXT0735,"apakah koordinator bangun  di daerah berani ambil langkah sendiri tanpa setoran keatas? kenapa hanya di pindah tugaskan, tidak di proses hukum?",Tata Kelola,0.9389
TXT0736,mbg lebih ke makanan berbakteri gratis,Kualitas Pangan,0.8553
TXT0737,"ya coba kamu makan nying! kok bisa bilang belum terbiasa, mereka juga di rumah sudah biasa makan nasi, memang  pada dasarnya mbg nya saja  yang tidak sehat🤬",Kualitas Pangan,0.8627
TXT0738,"mbg: bukan sekadar makan gratis, tapi mesin pendorong ekonomi dan pencipta jutaan lapangan kerja!",Ekonomi,0.9753
TXT0739,"biaya iradiasi berapa ya, dan kwalitas gizinya berubah tidak ya anggaran hanya rp.15.00,-/paket, dibebani biaya macan2 .. materi mbg nya jadi tersisa berapa rupiah ya per paket ⁉",Anggaran,0.9085
TXT0740,"yuk awasi sama-sama, dan dukung lanjutkan mbg",Tata Kelola,0.6836
TXT0741,"[4]nutrisi masing-masing kelompok sasaran. menurutnya, balita &amp; ibu hamil serta menyusui memiliki kebutuhan gizi yang berbeda. kata dia, program mbg ini merupakan bagian upaya pemerintah dalam menekan angka stunting &amp; meningkatkan kualitas kesehatan masyarakat sejak dini. [dinda]",Sasaran Penerima,0.9462
TXT0742,anggaran ikn + mbg = godzilla goreng🤤,Anggaran,0.9043
TXT0743,"""kalau basis pelaksanaannya kita sukses di akhir tahun dengan 82,9 juta [penerima mbg], maka 82,9 juta sudah start dari januari. itu artinya rp25 triliun per bulan lebih. jadi rp217 triliun itu akan habis diserap di akhir agustus. jadi nanti di 2026 pun rp82,9 juta,"" jelasnya.",Anggaran,0.907
TXT0744,"bumdes pangauban garut bakal kelola dana rp184 juta, pasok hasil bumi untuk kebutuhan dapur mbg",Anggaran,0.9068
TXT0745,"makanya tidak usah sok2an mbg, tambah  anggaran polri dan anggaran2 tidak penting lainnya. bingung kan kamu mau  ambil  duit darimana  lagi? ujung2nya rakyat yang  kena",Anggaran,0.9031
TXT0746,"wakil ketua dpr ri, sufmi dasco ahmad, kembali menyoroti kasus keracunan massal yang terjadi dalam program makan bergizi gratis (mbg). ia meminta badan gizi nasional (bgn) bertindak tegas agar kejadian serupa tidak terulang.",Kualitas Pangan,0.8567
TXT0747,"kalau dulu melalui kereta cepat, kelanjutannya adalah koperasi, mbg, danantara ini ya?..",Politik,0.9173
TXT0748,"mbg di sekolah lagi  dikaji ulang, sementara katering sekolah masih libur. ya ws ngebekal dulu wkwkwk. bikin stok nugget sama  chicken egg roll dulu biar sat-set pagi² dan jelas anakku suka ",Distribusi,0.9009
TXT0749,"wkwkwkw (duit mbg abs narikin rekening org, narikin pajak gaji org) giliran ditanya bedmud",Anggaran,0.9012
TXT0750,19.00 dapur mbg masih diverifikasi,Tata Kelola,0.9264
TXT0751,yang dikasih mbg tuh pemerintah saja  anjing bacot otak tidak guna apa memang  tidak punya otak babi,Tata Kelola,0.5855
TXT0752,"brazil join mbg, niat mulia presiden prabowo terbukti kasih  impact gede",Politik,0.9173
TXT0753,"mbg cuma projek bagi2 kue kok diharapin bagus, demo tutup semua dapur mbg saja dan ganti dengan insentif makan bergizi dirumah masing2",Tata Kelola,0.6916
TXT0754,"pemerintah ini  apa-apa diduitin karena  uang negara abis dikorupsi sama buat mbg, kah?",Anggaran,0.9022
TXT0755,"triknya, bawa bekal dari  rumah. terus  mbg nya masukin ke wadah bekal tadu  yang  sudah kosong. bawa pulang, buang seram  soalnya, wadah mbg nya biasanya bau, ada sayur/buah yang  basi, dan lain",Kualitas Pangan,0.8616
TXT0756,mbg ini outcome nya apa sih?,Kualitas Pangan,0.369
TXT0757,presiden prabowo bawa nama indonesia naik karena kolaborasi sama brazil di program mbg buat lawan kemiskinan,Politik,0.918
TXT0758,"perlu-enggak perlu. artinya, kalau mau ikut mencicipi, sebaiknya sekalian mereka memakannya sebagai  menu sarapan (kalau pagi) atau maksi 'lunch'. artinya, kebijakan mbg itu bukan sebatas dilihat dari materi makanannya, tetapi aktivitas makan sebagai ""ritual"".",Kualitas Pangan,0.7966
TXT0759,"makan bergizi gratis bagi siswa ternyata masih jauh dari target, di jakarta  saja baru berapa  % apalagi di pelosok, spti nya sulit terlaksana",Distribusi,0.7626
TXT0760,warteg saja  makanannya jauh lebih enak dan lengkap njir. mending anak sekolah dikasih makan makanan warteg dibanding mbg,Kualitas Pangan,0.8592
TXT0761,mbg untuk  beberapa  sekolah tampak bagus..apa mungkin dekat kediaman..nya atau gimana ya??🤔,Distribusi,0.9068
TXT0762,mbg tidak bisa menambah kecerdasan. tambah gendut bisa,Sasaran Penerima,0.6073
TXT0763,alasan mbg tetap dijalankan meski dalam  waktu libur itu tujuannya apa ? mohon kepada bapak presiden . mbg rawan di salah gunakan,Distribusi,0.9077
TXT0764,kayaknya anggota layak diberi mbg biar prestasinya lebih menonjol lagi.,Tata Kelola,0.5391
TXT0765,"mbg hanya janji manis tanpa perhitungan. dan proyek besar yang  ahirnya 'merugikan"" rakyat. seperti halnya janji 19 jt lapangan kerja. prabowo sudah gagal .",Politik,0.9174
TXT0766,prioritas nasional apaan? mbg? makan bergizi gagal?,Politik,0.8848
TXT0767,"mbelgedes, stop saja  itu mbg, bangun2 kodam dan batalyon tp. stop main tentara2an dan seremonial mewah. duit negara dibikin bancakan dia sendiri, rakyat dibawah nangis dia tidak peduli, menjijikkan presiden begitu",Politik,0.9154
TXT0768,wkwkw pertama kalinya ngeliat distribusi mbg secara langsung,Distribusi,0.907
TXT0769,"tujuan mbg selain buat anak2, lansia &amp; ibu menyusui. itu baik. adanya sppg di setiap daerah agar ekonomi masyarakat sekitarnya hidup. produk2 pertanian, peternakan, dll. diberdayakan. lalu, buat apa impor?. unfaedah jika ada impor. sungguh parah jika diduga ada minyak haram.",Ekonomi,0.9744
TXT0770,"korupsi mbg ini ngeri om, 1 t/hari..",Anggaran,0.9066
TXT0771,hari ini mbg nya spageti tidak enak bikin mual mana bauknya nge stain dikelas iyuhh,Kualitas Pangan,0.8615
TXT0772,eling utang negara makin banyak. itu program kocak kaya mbg hentikan. koruptor bangsat itu dapat lahan dari situ. sama buruan di sahkan perampasan aset tuh. anak anak koruptor tidak akan miskin. percaya dah.,Anggaran,0.9025
TXT0773,"adik saya dapat  mbg sama gurunya langsung dikasih warning, tidak boleh direkam ataupun difoto terus pulang-pulang adik saya diare sampai lemas  hehe",Kualitas Pangan,0.8613
TXT0774,jangan sampai dapur makelar mbg tidak ngebul..,Tata Kelola,0.9422
TXT0775,habis dengar  anak tidak mau makan mbg gara-gara tidak enak nangjs,Kualitas Pangan,0.8628
TXT0776,maaf kami masih fokus di mbg.,Distribusi,0.9079
TXT0777,iyhh soalnya kalau mbg nanti  saya  keracunan,Kualitas Pangan,0.8598
TXT0778,"mirip ya sama, ""angka keracunan mbg hanya 0,0 sekian persen"" hanya bjir",Kualitas Pangan,0.8562
TXT0779,gerak cepat presiden prabowo lewat mbg pastikan setiap anak dapat hak sehat sejak dini,Sasaran Penerima,0.8644
TXT0780,kelucuan mbg hari ini:,Lainnya,0.9139
TXT0781,🤣🤣 wamen stella: mbg berpotensi tingkatkan kemampuan matematika dan bahasa inggris,Politik,0.9118
TXT0782,saya kira mbg,Lainnya,0.9244
TXT0783,"mending tidak usah adain mbg, tolot amat sih",Distribusi,0.9044
TXT0784,keinget xavier korban mbg,Lainnya,0.9193
TXT0785,"duit pajak yang  harusnya bisa dipakai bangun infrastruktur buat rakyat, malah dipakai buat mbg. pak , tolong prioritaskan dulu infrastruktur rakyat. supaya rakyat mudah mencari rezeki buat beri makan bergizi bagi anak2nya.",Anggaran,0.9012
TXT0786,dpr geram 215 siswa ntt keracunan mbg coreng program baik pemerintah,Kualitas Pangan,0.8594
TXT0787,"dengan tangan teguh &amp; hati merah putih, prabowo membentangkan dua sayap untuk rakyat: mbg ( makan bergizi gratis) yang memberi makan bergizi bagi generasi masa depan, dan ribuan koperasi sebagai mesin ekonomi rakyat. ini bukan janji kampanye—ini langkah revolusi kemakmuran!",Politik,0.9143
TXT0788,"untuk mekanisme libur, karena untuk anak sekolah dikirim ke sekolah, maka seluruh kepala sppg sekarang harus tahu berapa banyak anak yang bersedia datang ke sekolah dia. ketika hadir ke sekolah, maka mbg untuk anak sekolah berlanjut,"" kata dadan hindayana lanjutkan mbg keren",Distribusi,0.905
TXT0789,sudah tahu defisit maksa mbg dan proyek besar lainnya,Anggaran,0.8999
TXT0790,"tapi anak2 saya juga sudah pada  tidak mau mbg-nya, jadi tiap hari ya ngebekal. tmn2nya jg. sampai gurunya suruh  bawa tempat makan kosong buat bawa pulang mbg yang  tidak abis, ih",Distribusi,0.8961
TXT0791,meresahkan! berikut kronologi viral menu mbg berbelatung di tambakboyo tuban,Kualitas Pangan,0.8614
TXT0792,rawan sabotase sebaiknya mbg dihentikan seblm ada korban yang  fatal,Tata Kelola,0.8939
TXT0793,kok tahu memangnya  ini orang yang  bicara  makan mbg juga apa asbun,Kualitas Pangan,0.8593
TXT0794,ternyata di khalayak umum memang tidak pada  ngeh kalau yang  diprotes soal mbg itu bukan perihal makanannya tapi dibalik layarnya yang  rawan penyelewengan,Kualitas Pangan,0.8502
TXT0795,mbg dimasukkan ke anggaran pendidikan. sudah tidak paham lagi saya,Anggaran,0.9035
TXT0796,"enggaa kok, di sekolah deket rumah ku belum masuk nerima mbg, dan jajanan yang dia bawa pulang itu cakwe",Distribusi,0.9032
TXT0797,slb memang  tidak dikasih mbg ya?,Lainnya,0.9211
TXT0798,"giat² oknum mubazir impor pesawat, mbg, fasilitasi diri, bancakan hasil bumn dan lain serakah lalu utang &amp; naikkan pajak, tak fasilitasi kesejahteraan, usaha ekonomi &amp; bantu warga miskin. tidak beri teladan jalankan tujuan negara uudri 1945 jiwa pancasila, pedoman membangun bangsa ri.",Politik,0.918
TXT0799,"tidak bisa bayangin mbg ini untuk ibu hamil, apa tidak langsung keguguran dan trauma.",Sasaran Penerima,0.946
TXT0800,yaampun berarti mbg itu  downgrade sangat  dari porsi dia biasanya,Anggaran,0.4704
TXT0801,dapat  mbg bang ?!!,Lainnya,0.9217
TXT0802,"perubahan di kabinet sih lebih variasi daripada sekarang, tidak akan bilang pasti baik ini politik coy, tapi minimal tidak  ada mbg, dan keduanya pro pendidikan. butuh presiden yang pro ke pendidikan. lah wowo? najis",Politik,0.911
TXT0803,teman 🥒 sekolah ku besok sudah mulai dapat  mbg🤪🤙,Distribusi,0.9023
TXT0804,program mbg langkah menuju indonesia emas,Sasaran Penerima,0.9494
TXT0805,keracunan mbg ia,Kualitas Pangan,0.8601
TXT0806,"gini kamu min, mbg adalah program yang bertahap dalam pelaksanaannya. tidak serentak menyesuaikan kemampuan negara. harapannya target tercapai secara nasional pada 2029",Tata Kelola,0.8895
TXT0807,hah mbg hanya sampai agustus?,Distribusi,0.904
TXT0808,memangfaatkan pisang kondangan + susu mbg,Kualitas Pangan,0.8557
TXT0809,perlu dikasih mbg nih..🤤,Lainnya,0.9227
TXT0810,238 ribu siswa di padang belum nikmati makan bergizi gratis,Sasaran Penerima,0.9313
TXT0811,mbg dimana ini bun,Lainnya,0.9234
TXT0812,"kapolres kediri akbp bramastyo priaji, s.h., s.i.k., mengikuti kegiatan evaluasi dan penyampaian optimalisasi program mbg (makan bergizi gratis).",Tata Kelola,0.946
TXT0813,"mbg sudah berjalan beberapa  bulan. apakah ada evaluasi terhadap  manfaat dan kegunaannya? uang sebanyak itu bukannya lebih  baik untuk membebaskan seluruh murid mulai dari tk sampai slta dari segala pungutan uang yang  dibebankan kepada orangtua  murid seperti uang: spp, seragam, buku, dll. dan",Anggaran,0.9002
TXT0814,minggu kemarin  bapaknya chiyo hampir berdebat sama  kakaknya perkara mbg 🤣🤣..keluarga bapaknya chiyo 02 garis keras karena  ngikut anjuran gereja (katanya),Politik,0.9103
TXT0815,"ratusan siswa smp di sleman tumbang usai santap mbg, diduga keracunan! distribusi disetop sementara -",Kualitas Pangan,0.8661
TXT0816,iya menteri zulhas betul siswa yang  biasa makan ubi- talas- jagung akan terkaget-kaget perutnya ketika makan mbg yang  bergizi itu akhirnya mules lama kelamaan nanti  terbiasa mirip  menteri zulhas itu,Kualitas Pangan,0.8578
TXT0817,kantin mbg posyandu saya bagus kok bersih tipe tipe kantin gen z bismilah tidak ada belatungnya,Kualitas Pangan,0.8643
TXT0818,pantas  orang inggris pintar  bahasa inggris karena mereka mengkonsumsi mbg (apa begitu kira kira isi otak wanita ini) ?,Kualitas Pangan,0.4376
TXT0819,"wakil direktur eksekutif kemitraan unicef, kitty van der heijden, menyampaikan apresiasi atas komitmen kuat indonesia dalam mengatasi persoalan gizi anak dan memastikan hak anak terpenuhi melalui program mbg",Sasaran Penerima,0.8726
TXT0820,"masalah apapun mbg tetap menjadi prioritas, ya kan pak",Sasaran Penerima,0.8438
TXT0821,outcomenya kenaikan pbb diberbagai daerah karena alokasi transfer ke daerah turun akibat alokasi pusat ke mbg luar biasa jor joran,Anggaran,0.8836
TXT0822,"pemerintah meluncurkan program cek kesehatan gratis (ckg) mulai 4 agustus 2025 untuk 53,8 juta pelajar di 282 ribu sekolah, bekerja sama dengan puluhan ribu puskesmas. menko pmk pratikno menyebut program ini mendukung lahirnya sdm unggul sekaligus melengkapi program mbg.",Sasaran Penerima,0.9434
TXT0823,mbg dapat kembalian goceng,Lainnya,0.9254
TXT0824,program gemoy kacau semua..ngak mbg tidak  koperasi..lengserkan saja sepaket..,Politik,0.9117
TXT0825,"wah, kawannya mbg kah? yang sudah ada diacak biar kelihatan kerja.",Tata Kelola,0.7675
TXT0826,mbg. makan belatung gratis 🥰,Kualitas Pangan,0.8546
TXT0827,yang  5 orang berhak sekolah di sekolah rakyat dan tentu saja ada mbg,Sasaran Penerima,0.6627
TXT0828,"mohon maaf, beasiswanya dipotong buat mbg",Anggaran,0.9086
TXT0829,bener. mbg juga bisa jadi salah satu penyebab orang pakai  bpjs kan? 🤷,Sasaran Penerima,0.674
TXT0830,"buang buang anggaran bapak melakukan penhematan tapi sangat banyak institusi yang menghambur2kan uang tetap di biarkan, ini kalau semua  bisa di hilangkan, naympe pak buat danai mbg",Anggaran,0.9026
TXT0831,"apa yang  terjadi di malaysia seluruhnya terjadi juga disini, tapi kenapa disini tenang2 sj, karena sudah aman dengan  mbg &amp; hidup jokowi!! :d :d :d",Politik,0.9245
TXT0832,"mbg bisa meningkatkan kemampuan matematika dan bahasa arab siswa, matematika hitungan amal kebaikan dan amal keburukannya selama di dunia, dan bahasa arab untuk komunikasi dengan malaikat di alam kubur. terjadi saat keracunan berakibat fatal",Kualitas Pangan,0.5736
TXT0833,"makanan itu bukan urusan guru ya dek ya itu urusan tukang mbg, kalau urusan betah di parkiran apa di ""papan tulis"" ya urusan betah mah beda lagi, kalau  dia tetap  ngejalanin kewajiban ajar  yaudah sih gpp, kecuali itu  guru lalai",Tata Kelola,0.9452
TXT0834,link berita anggaran brazil : link berita anggaran indonesia:,Anggaran,0.9054
TXT0835,"ya kan kita tidak bawa orang tua, kampung. did i mention your goddamn family into this fucking conversation? idih, hahahahhahaha sudah ah capai  bicara  sama 02 voter, kasih tahu presiden kamu suruh stop mbg program sampah",Lainnya,0.4349
TXT0836,"mulai dari mbg,sekolah rakyat,koperasi merah putih,giant sea wall..semua pakai  dana trilyunan..yg penting bisa cair dari apbn..entah nyangkut dimana..paraah..",Anggaran,0.9127
TXT0837,"belum lagi inflasi dkk wkwk kalopun bunganya tidak ada, tetap  berat. sudah pling benar  itu semuanya disubsidi. apbn buat mbg diilangin ae+apbn pendidikan tinggk 90% buat ptn² dikti, bukannya malah dikasih ke sekolah kedinasan kementerian",Anggaran,0.9001
TXT0838,"tidak utama2 juga, buktinya kualitas mbg jelek juga.",Kualitas Pangan,0.8364
TXT0839,"target penerima mbg meningkat signifikan dari 17,9 juta menjadi 82,9 juta orang",Sasaran Penerima,0.9515
TXT0840,"5. membuka jalur distribusi baru. di bawah kepemimpinan bapak , bp taskin menyasar 9 sektor ekonomi,mendorong investasi dan kewirausahaan di kantong-kantong kemiskinan. mbg menjadi ujung hilir dari strategi besar pengentasan kemiskinan nasional.",Ekonomi,0.9745
TXT0841,"maav indog tidak ikutan, lagi sibuk mbg",Lainnya,0.9129
TXT0842,sekolah mana bang yang 5 hari kebanyakan anak sd sampai sabtu baru minggu libur terus  masalah kemana larinya mbg kalau  libur ya akan di fokuskan kepada ibu hamil dan mengasihi lanjutkan mbg,Distribusi,0.9052
TXT0843,apalagi yang  dari mbg,Lainnya,0.9045
TXT0844,"ngapain minta maaf. lagi  sudah sesuai visi, makan belatung gratis (mbg), yang nantinya anak-anak keracunan itu disiapkan untuk jadi 'calon pasien', karena prabowo sedang mempersiapkan banyak fakultas kedokteran.",Kualitas Pangan,0.8582
TXT0845,mbg mu tidak penting.,Lainnya,0.8743
TXT0846,apa tujuan utama mbg tuh depopulasi yaa,Ekonomi,0.9669
TXT0847,"dan akhirnya sebagian anak trauma mbg, pengawasan masih lemah, padahal sering terjadi keracunan di bbrapa wilayah",Tata Kelola,0.5851
TXT0848,"programnya bagus, di negara2 maju juga diterapkan di sekolah2, di indonesia sendiri sudah ada sejumlah sekolah swasta yang  melakukan sebelum ada mbg. beri ortunya pekerjaan ? makanya jangan nyinyirin investasi dan hilirisasi industri",Ekonomi,0.6267
TXT0849,anggarannya sudah habis dipakai  mbg dan gaji &amp; tunjangan kementerian yang gendut itu sama posisi-posisinya sudah diisi oleh tni :),Anggaran,0.9029
TXT0850,sebenarnya  lebih ke apus ajg anggaran mbg bodoh,Anggaran,0.9049
TXT0851,mbg presale goes lives,Lainnya,0.9232
TXT0852,program mbg melibatkan umkm lokal,Distribusi,0.8684
TXT0853,itulah arti dari efisiensi. judul nya dana pendidikan..padahal aslinya dana mbg sarang koruptor dan sumber keracunan nasional,Anggaran,0.9032
TXT0854,"iya  liburan ili jatah e mbg seminghu 2x tapi do ora gelem, lah repot ngter2e opo malah anak2 e kon njupuk neng sekolahan",Distribusi,0.9069
TXT0855,ketahuan memasang bendera one piece di paksa makan mbg (smile),Politik,0.7733
TXT0856,"anak sehat, bangsa kuat! kami mendukung penuh makan bergizi gratis untuk masa depan generasi indonesia yang lebih cerah.",Sasaran Penerima,0.9448
TXT0857,syamsul melanjutkan bahwa pelaksanaan mbg tidak cukup hanya menjadi program administratif atau transaksional.,Tata Kelola,0.9365
TXT0858,"program mbg ini bukan cuma soal makan gratis, tapi ekosistem ekonomi kerakyatan. salut.",Ekonomi,0.9746
TXT0859,cellica nurrachadiana sebut kolaborasi penting untuk sukseskan program cek kesehatan dan makan bergizi gratis,Sasaran Penerima,0.9442
TXT0860,"bacot jing, 1 rupiah pun tidak sudi gua, selamat wok, kamu semua sudah buang duit negara + ngeracunin anak-anak. kamu kira bocah senang  apa adikasih mbg? tidak  jing, mereka sudah muak, guru juga sudah pada capek, belum  lagi limbahnya bikin bau doang, yang  pertama ngide mending kamu pada tobat semua.",Kualitas Pangan,0.8487
TXT0861,"muantap korupsi di mbg program unggulan . bgn-yayasan (punya kader/afiliasi?)-mitra. ruwet..ruwet hanya diam? omon mau kejar krouptor ke gurun, kutub.",Politik,0.9164
TXT0862,program mbg merupakan langkah pemerintah prabowo gibran dalam memenuhi kebutuhan gizi anak indonesia,Sasaran Penerima,0.9477
TXT0863,"hanya saja, belum semua sekolah mendapatkan program mbg apalagi sekolah di desa-desa.",Distribusi,0.9063
TXT0864,go mbg,Lainnya,0.9275
TXT0865,"nek saya dadi wong tuone wes misuh-misuh saben ngeterke sekolah, bocah tak rumat apik-apik, tak jogo kesehatan e, dipekso mangan panganan basi. nek nganti mlebu rs yo bayar dewe to? po iyo panitia mbg gelem nanggung biaya rawat e? kok isoo isih do meneng wae ki pie paak buuk",Kualitas Pangan,0.8512
TXT0866,kasih  mbg beracun dan nipu 19 juta lapangan kerja,Kualitas Pangan,0.8528
TXT0867,kalah mbg juga,Lainnya,0.9239
TXT0868,"setuju, kalau  bisa sambil keliling ke daerah2 yang  kualitas sekolahnya masih kurang dan ikut makan porsi mbg disana.",Distribusi,0.9029
TXT0869,"di pandeglang kota apalagi desa tidak ada mbg, apakah kota ini bagian dari philipina?",Distribusi,0.9062
TXT0870,"ok. dicoba seringkas mungkin ya misalkan program mbg di suatu kecamatan yang  jauh dari pusat perekonomian negara ini, mensupply makanan untuk 100 siswa per hari selama 200 hari per tahun. berapa volume pangan pokok (beras/jagung/ ubi/ sagu) yang  diperlukan? berapa  kilo sayuran n buah?",Sasaran Penerima,0.6754
TXT0871,anggaran pendidikan disunat buat mbg.. tidak ada jaminan hidup yang  layak buat tendik.. we' doomed..!!,Anggaran,0.9028
TXT0872,"program makan bergizi gratis (mbg) kini hadir sebagai investasi krusial bagi masa depan anak-anak indonesia dengan menyediakan asupan gizi lengkap yang memastikan setiap anak tumbuh optimal, cerdas, dan berdaya. selengkapnya kunjungi :",Sasaran Penerima,0.9476
TXT0873,mbg pak tolong jangan buta evaluasi,Tata Kelola,0.9488
TXT0874,ya sekarang  stop mbg dut,Lainnya,0.9239
TXT0875,"tidak sepenuhnya menolak mbg karena sebetulnya program ini, idealnya bisa bermanfaat untuk banyak sendi-sendi perekonomian.. tentu dengan syarat dan ketentuan berlaku. penting untuk melakukan peninjauan kembali mengingat banyak kasus terkait mbg ini",Tata Kelola,0.8223
TXT0876,kasih  laporan ke tuan nya bahwa  dalam  program mbg banyak  keracunan.,Kualitas Pangan,0.8579
TXT0877,program mbg jadi bukti nyata upaya memperkuat daya beli sekaligus kualitas sdm,Ekonomi,0.9128
TXT0878,"badan gizi nasional (bgn) memastikan program makan bergizi gratis tetap berjalan selama masa libur sekolah. kendati begitu, mbg hanya diberikan kepada murid dan guru yang bersedia datang ke sekolah . lanjutkan mbg keren",Distribusi,0.9042
TXT0879,"ketika segala aspek kehidupan dipajakin untuk kepentingan program nasional, berarti program2 seperti mbg, kopdes dan kebijakan populis lainnya, dananya dari  kita juga dong.padahal program2 tersebut belum  tentu bermanfaat dan berpotensi dikorupsi pula oleh pejabat.",Anggaran,0.909
TXT0880,"kasih tahu teman  kalian yang  pilih oke gas. kalau masih tidak sadar, suruh survey dapur mbg yang  lagi psing memikirkan  modal karena  bingung gaji karyawan.",Tata Kelola,0.9443
TXT0881,"makan bergizi gratis perdana buat anak wedok, semoga aman dan terima kasih!",Sasaran Penerima,0.9526
TXT0882,padahal  mobil menteri yang  lama kan masih bagus dan masih layak dipakai  kenapa harus pakai  mobil baru yang  dananya bisa dialokasikan ke tempat lain mirip  mbg,Anggaran,0.9044
TXT0883,mana mbg saja  masih 5 juta siswa begitu ,Sasaran Penerima,0.9547
TXT0884,kalau pemerintah tidak menjalankan amanat uud 45 apakah bisa disebut melanggar konstitusi bang? secara mbg bukan amanat uud 45 tapi merupakan janji kampanye . kenapa alokasi biayanya diambil dari  anggaran pendidikan yang  seharusnya 20% dari  apbn??,Anggaran,0.913
TXT0885,dear mbg gratis tapi masuk igd oke gass,Kualitas Pangan,0.8378
TXT0886,"aliran uang : mbg, gaji dpr, proyek ghoib..",Anggaran,0.9079
TXT0887,halu..halu..instan sekali  itu mbg dikira serum kali ya seperti  di film shaolin soccer,Kualitas Pangan,0.8398
TXT0888,dukung penuh! makan bergizi gratis penting sekali  buat adik-adik papua,Sasaran Penerima,0.9475
TXT0889,"karena duit efisiensi dipakai  makan bergizi gratis, kopdes, dll. mulyani bahkan bilang kalau  tidak ada efisiensi di saat program prabowo seabrek, defisit makin lebar. apbn jebol! jadi, efisiensi memang  cuma buat ngalihin duit ke programnye die saja  hahaha kacoo",Anggaran,0.9028
TXT0890,"sampai saat ini, ada 2 prestasi presiden yang  menonjol. pertama mbg kedua prajurit tni berpesta ria sebab non job ada meja. sisanya cara komunikasi menteri bapak seperti kentut",Politik,0.9171
TXT0891,pemkab lebak optimistis program mbg mampu cegah stunting dan malnutrisi,Sasaran Penerima,0.9474
TXT0892,"senjata rahasia anda kan, mbg, joget gemoy dan mulyono 🫵",Politik,0.9127
TXT0893,"bhahahahahah woyy ransum tni mah masih enakk, kasih ae mbg sakuprit iku cookk",Kualitas Pangan,0.8525
TXT0894,"anggota dpr ri fraksi pdi perjuangan, edy wuryanto mendesak pemerintah untuk memastikan keamanan pangan, mutu pangan, dan gizi dalam program makanan bergizi gratis (mbg) guna mencegah keracunan. tentang pp 86 2019. di sini disebutkan bahwa pasal 47 pengawasan terhadap pemenuhan",Tata Kelola,0.9406
TXT0895,"day 1 dapat  mbg, nanti  kita  review",Lainnya,0.5511
TXT0896,"resmikan dapur sppg, wabup gresik asluchul alif sebut perluas cakupan mbg gresik, 15 agustus 2025 - pemkab gresik menunjukkan komitmen kuat dalam mendukung dan menyukseskan program strategis mbg bagi siswa sekolah. salah satunya dengan bangun  dan sppg kec. kebomas.",Distribusi,0.8853
TXT0897,"mentri kamu woy, urusin daripada sok sok peduli program sampah gagal dan lebih banyak mudharat daripada manfaat mirip  mbg. program gagal, jadi presiden tidak becus, bacot saja  peduli. sok sok ancam menteri yang kerja tidak bener, mana tindakannya?",Politik,0.9169
TXT0898,anak saya daripada dapat  mbg tidak enak terus mending puasa ceunah,Kualitas Pangan,0.8614
TXT0899,"saya  saja  sampai gumoh bolak balik cuma kesuksesan palsu program mbg, saya punya anak 2 semuanya masih sekolah sma dari pertama kali mbg di rilis belum  pernah sekalipun anak anak dapat  mbg, bukannya ngiler mbg tapi memang unfaedah wo",Distribusi,0.9007
TXT0900,"setuju dengan saranmu. kantin sekolah terkelola bisa efisien, tapi butuh pengawasan ketat agar tak korup. lapangan kerja dan stabilisasi harga pangan via koordinasi antar kementerian (mendikbud, mensos, ppa) lebih berkelanjutan daripada potong 44% anggaran pendidikan. mbg baik,",Tata Kelola,0.8249
TXT0901,"suami temenku ditanya ""kenapa kok pilih  makan siang gratis?"" dia jawab ""ya enak lah dapat makan gratis, memang  kamu tidak mau?"" bro tidak tahu program mbg bukan buat semua masyarakat wkwk, pinternya kebangetan 🤣",Kualitas Pangan,0.858
TXT0902,ini sudah terjadi atau masih perkiraan (yang hampir pasti terjadi) saja ya? soalnya sekolah dasar di desa saya belum dapat mbg.,Distribusi,0.9064
TXT0903,"semenjak mbg anak2 jarang habis, saya tim menunggu mbg",Distribusi,0.9039
TXT0904,jadi setiap jam makan siang pihak siswa dianjurkan datang mengambil jatah mbg nya.lanjutkan mbg,Distribusi,0.9028
TXT0905,saya abis makan mbg sisa adik  semoga  aman deh 🤤,Kualitas Pangan,0.6008
TXT0906,jangan jangan mbg bangkrut makanya anak sekolah di suruh belajar darling aww cuh,Kualitas Pangan,0.8514
TXT0907,"rapat rapat terus, katanya pada cerdas tapi hasinya pajak, keracunan mbg, rekening di blockir. kenapa si pinternya memeras rakyat kecil. koruptor kalian gagal bersihkan.",Politik,0.9175
TXT0908,mr! bakal ada free makan tidak tiap hari? mbg,Distribusi,0.9066
TXT0909,"sudah menu nya simple kayak  tidak bergizi, porsi yang  secukupnya, gaji tidak layak, malah menyusahkan rakyat lagi, yakali sekelas mbg tidak punya tim quality control dan ahli gizi nya",Kualitas Pangan,0.8439
TXT0910,program presiden prabowo yaitu mbg makan bergizi gratis buat anak sekolah itu bertujuan untuk  investasi masa depan bangsa,Sasaran Penerima,0.9414
TXT0911,"wah, mas samhugget, benar  akeh wong mumet amarga pengangguran ing indonesia saiki sekitar 4.8% (data maret 2025), luwih dhuwur kanggo pemuda 16%. negoro lagi dorong program kaya koperasi desa merah putih lan makan bergizi gratis kanggo nggawe gawean ing desa. solusi: latihan",Politik,0.9108
TXT0912,"wo..iya dikau wo, .. pakai anggaran trilyunan buat bikin mules, stop deh mbg mu. kayaknya harus ada korban jiwa dari anak anak ini, baru dievaluasi. andai dilanjutkan, kasih duitnya ke orangtua  anak. mereka lebih paham  akan menu sehat buat anaknya. daripada dikorupsi pengelola mbg",Anggaran,0.9092
TXT0913,"mbg tiap hari ada gebrakannya mlu, bikin malu saja  sudah",Kualitas Pangan,0.2894
TXT0914,"mbull kamu tidak maluu apaa liat rakyt kamu jadi korban mbg paksaan kamu itu  ?, jangn liat sudah berapa yang  diterima tapi liatt juga tuh korban yang  keracunan baerapa banyakk kocagg",Kualitas Pangan,0.8533
TXT0915,"program makan bergizi gratis merupakan program prioritas nasional yang dilaksanakan secara bertahap di seluruh indonesia. survei baseline ini, menyasar rumah tangga dengan anggota yang berstatus pelajar dari jenjang prasekolah hingga sma.",Sasaran Penerima,0.926
TXT0916,"program makan bergizi gratis (mbg), menyongsong indonesia emas 2045",Sasaran Penerima,0.9471
TXT0917,kepala bangun  dadan hindayana menanggapi keracunan ratusan siswa di ntt. begini katanya.,Kualitas Pangan,0.8583
TXT0918,kenapa mbg??,Lainnya,0.9218
TXT0919,"btw ada loker nie posisi akuntan mbg cabang dikemayoran, harus sarjana akuntansi ya",Tata Kelola,0.9329
TXT0920,dapur mbg payakumbuh,Lainnya,0.9258
TXT0921,program ini memang harus dipaksa agar seluruh anak anak mendapatkan asupan gizi yang seimbang dan bisa tumbuh dengan sempurna lanjutkan mbg,Sasaran Penerima,0.9484
TXT0922,"no, pertanyaan yang  lebih bagus sih, program money sinkhole macam mbg dan susunan kabinetnya apakah beda?",Politik,0.6585
TXT0923,"unpopular opinion: itu memang  jobnya si ibu buat cari  duit. yang  bikin mbg, prioritasin tni/polri, bikin danantara, atau kebijakan2 lain  yang  ngaruh langsung ke publik itu arahan bosnya si ibu atau menteri2 yang lain.",Politik,0.9105
TXT0924,"berbaik hati dengan  yang  dibawah mbg, sekolah rakyat, bansos.. tidak tahunya  diatas bagi-bagi kue.. mentri rangkap komisaris sampai buzer/pendukung juga jadi komisaris bumn",Politik,0.9166
TXT0925,"mencerdaskan kehidupan bangsa, dengan program mbg 🤣🤣 guru dianggap beban.. wakakakakakakakaka..goblook..goblok",Politik,0.9136
TXT0926,meanwhile semalam  prabski di hut partai pidato bangga banggain mbg kalau  itu program sukses yang selalu dinanti anak anak,Politik,0.9116
TXT0927,"terima kasih atas perhatian dan kepeduliannya untuk anak-anak indonesia. makan bergizi gratis bukan sekadar bantuan, tapi investasi besar untuk masa depan bangsa.",Sasaran Penerima,0.9513
TXT0928,menambah lagi keracunan madal mbg fan korupsi dana mbg,Kualitas Pangan,0.4493
TXT0929,"lahh iya , delivery kali yak permisi makan bergizi gratis nya",Lainnya,0.4898
TXT0930,"gini lho, jum - ps jadi presiden di akhir 2024, dengan  apbn'25 sudah di-dok dpr. - dalam  apbn'25 tidak ada program mbg dengan  biaya yang  mega triliun. - tapi ps ngotot mbg harus jalan, dengan  persiapan yang  minim tanpa kajian publik yang  memadai. - uang mbg 'merampok' anggaran program lain. - ..",Anggaran,0.9067
TXT0931,"hahahah kocak, tetangga saya di hargai mbg 7ribu per pack, bergizi nya dimana kocak",Anggaran,0.5399
TXT0932,"overthinking hal tidak penting ajg, itu mbg saja  si pikirin cokk",Tata Kelola,0.369
TXT0933,badan gizi nasional (bgn) menyatakan tetap mendistribusikan makan bergizi gratis (mbg) selama libur sekolah dengan jadwal pengiriman ke sekolah yang dilakukan setiap hari senin dan kamis.,Distribusi,0.9042
TXT0934,"bukan hanya siswa, guru hingga keluarga diduga keracunan mbg di sragen baca di",Kualitas Pangan,0.8584
TXT0935,"apalagi ditambah kalau ada siswa/i yang tidak sekolah, makin banyak kan yang tidak kemakan. mengambil hak siswa/i juga mubazir pula. di sisi lain sekolah man di hari pertama tidak kebagian mbg karena terlalu banyak murid, pihak mbg tidak sanggup, akhirnya mengutamakan sekolah daku.",Distribusi,0.9054
TXT0936,seperti  mbg program ini juga penuh masalah,Tata Kelola,0.9169
TXT0937,diluncurkan perdana! ribuan siswa hiliserangkai nias bahagia terima paket mbg presiden prabowo,Politik,0.7181
TXT0938,"tidak pernah absen menghujat pemerintah, spesifiknya mengkritik mbg",Politik,0.9154
TXT0939,apa nunggu tahun ajaran barubyah mbg baru dimaksimalkan?.. artinya kick off nya baru besok pas anak sekolah baru masuk,Distribusi,0.9062
TXT0940,hahahah..ada yang  percaya mbg sudah mencakup 82 juta ?,Sasaran Penerima,0.9514
TXT0941,"program mbg dikelola badan gizi nasional (bgn) dengan ribuan mitra lokal seperti umkm, bumdes, dan yayasan. tidak ada daftar publik lengkap, tapi dari berita (kompas, tempo 2025), contoh vendor: yayasan media berkat nusantara (terlibat isu pembayaran jakarta), ira mesra (vendor",Tata Kelola,0.935
TXT0942,pengawasan di lapangan terus diperketat agar program mbg ini berjalan baik. lanjutkan mbg berantas tikus²nya,Tata Kelola,0.9499
TXT0943,"mbg mohon di cicipi sama  menteri dan wamen, kalau  aman baru kasih murid",Politik,0.4621
TXT0944,mungkin kamu ya ini mungkin ini cara agar progam mbg berhenti?,Kualitas Pangan,0.4562
TXT0945,"babinsa plumbon koramil 02/temon kodim 0731/kulon progo sertu teguh ahmadi bersama bhabinkamtibmas, rabu (6/8/2025), monitoring kegiatan makan bergizi gratis di sd negeri ngentak, kalurahan plumbon, untuk memantau dan memastikan pelaksanaan kegiatan berjalan lancar.",Distribusi,0.8959
TXT0946,"kira2 kenapa jumlah dokter sedikit? jumlah orang miskin bertambah? sudah lah, jangan gaslighting sesama warga. yang  salah itu pemerintah. liat tuh mbg berapa  triliun? itu ranahnya kebijakan. coba dialihkan ke subsidi pendidikan dan kesehatan. long term solution itu.",Anggaran,0.9032
TXT0947,"setelah tuban kini giliran magelang,mbg berbelatung. nanti kalau para siswa sakit berarti ""belum terbiasa makan enak""?! brengsek.",Kualitas Pangan,0.8587
TXT0948,"bocor-bocor untuk proyek memproduksi tahi  ""mbg"" presiden prabowo subianto menyinggung kebocoran anggaran pendidikan dalam pidatonya di hadapan ribuan guru dan kepala sekolah rakyat di jakarta international expo (jiexpo), jakarta pusat, jumat. ""kita salah satu negara di dunia",Anggaran,0.9151
TXT0949,kasihan disana tidak dapat mbg dari prabowo,Politik,0.9113
TXT0950,wujud pengabdian babinsa hadir dan pantau pelaksanaan makan bergizi gratis.,Distribusi,0.8977
TXT0951,bimaspol desa. kedungwaringin aipda. surono di kp.kedung gede /rw 004/002 desa.kedung waringin kec kedungwaringin melaksanakan kegiatan kunjungan /dds dalam rangka monitoring dapur makan bergizi gratis dan himbauan kamtibmas.,Distribusi,0.9026
TXT0952,prioritas nasional yang dimaksud mbg 🤘🤪🤘,Distribusi,0.8271
TXT0953,"konsep mbg anak sd yang tujuan utama mencegah stunting, tapi kalah dapat sepack minuman susu bergula, makanan manis, snack chiki, dan 1 buah pisang. tidak ada namanya nasi dan lauk pauk. tidak  bener, dicegah tuh dari ibu hamil dan anak tk/sd dulu. ah pajakk",Sasaran Penerima,0.484
TXT0954,"ya, pemerintah indonesia di bawah presiden prabowo sedang bekerja keras dengan program seperti makan bergizi gratis yang turunkan kemiskinan ke 8,47% (maret 2025). namun, kebijakan seperti danantara dan pemotongan anggaran pendidikan/kesehatan (hingga 39%) memicu protes karena",Politik,0.9138
TXT0955,"anggaran pendidikan, tapi nyatanya mayoritas untuk  anggaran mbg",Anggaran,0.9087
TXT0956,"ini kalau ade saya  yang  makan butuh 10box mbg kayanya, porsi makan nya kaya orgil",Kualitas Pangan,0.8548
TXT0957,"singkirin dulu kek egonya, banyak program lain yang lebih penting juga daripada mbg ini. atau kalau tetap  kekeh, seengaknya berbenah dulu, sudah banyak yang keracunan, hal mirip  gini juga masih kejadian.",Kualitas Pangan,0.842
TXT0958,hampir separuh anggaran buat pendidikan dipakai  buat mbg ngomongnya apa yang dilakuin apa,Anggaran,0.9053
TXT0959,bangun  minta tambahan anggaran jadi rp 335 t untuk mbg 2026,Anggaran,0.9103
TXT0960,bahan pangan lokal di mbg bikin pangan nasional lebih mandiri sesuai visi prabowo,Ekonomi,0.9708
TXT0961,mbg buka peluang kerja baru dan dorong ekonomi lokal papua lewat penyediaan bahan pangan dari petani dan umkm setempat,Ekonomi,0.9751
TXT0962,"bukan  cuma oplosan, beras curah dipacking jadi jenis medium n premium lalu dijual mahal. cuma di indo orang-orang  korporasi kreatif curangi warga dulu takaran migor dikurangin 50-200ml/botol yang  dibeli dicurangin, yang  gratis diracunin ky mbg ehh",Kualitas Pangan,0.8114
TXT0963,"setuju, reformasi itu kunci. untuk iklim investasi, pemerintah bisa dorong fdi lewat insentif pajak dan deregulasi. pendidikan: tingkatkan anggaran ke 20% apbn seperti konstitusi. transisi energi: percepat plts dan ev untuk target nze 2060. program makan gratis bagus tapi jangan",Anggaran,0.9123
TXT0964,kita usahakan 1 mbg 1 guru keracunan di tiap sekolah,Kualitas Pangan,0.8617
TXT0965,satu negara jadi korban mbg yang  berbelatung dan basi..,Kualitas Pangan,0.8597
TXT0966,kalau  banyak hutang. toh mbg nya di tunda dulu. beresin hutang efesiensii kurangin tunjangan pejabat,Anggaran,0.9053
TXT0967,"di ig liat beberapa  teman  kok pada abis latsarmil gituu terus  lewat lah di tiktok ternyata itu program sppi(?) yang  nntinya ngurusin mbg, mereka harus latsarmil dulu beberapa  bulan abistu penempatan di pos2(?) mbg seluruh indo wkwkw pantes anggaran mbg puluhan triliun🤭🤪",Distribusi,0.5648
TXT0968,coba zulhas suruh makan mbg juga.,Kualitas Pangan,0.848
TXT0969,makan bergizi gratis day 2 di daerah gw: nugget bergizi,Lainnya,0.8285
TXT0970,"bjr kalau sudah tahu begitu  kenapa tidak langsung dieval ya? memang kudu sangat  dikawal pelaksanaannya, biar tidak asal kasih  doang. lanjutkan mbg, tapi seriusin perbaikannya.",Tata Kelola,0.9409
TXT0971,"reaksi prabowo ditagih makan bergizi gratis oleh anak-anak di lapangan: tersentak hati saya! *target 82,9 juta anak dapat mbg akhir tahun, prabowo: negara lain butuh 11 tahun, kita setahun* presiden ri prabowo subianto menegaskan target pemerintah untuk memperluas jangkauan",Sasaran Penerima,0.9448
TXT0972,anggota dpr ri menilai bahwa program makan bergizi gratis (mbg) merupakan sarana penting untuk mewujudkan generasi yang sehat dan cerdas. program ini diharapkan dapat meningkatkan kualitas gizi anak-anak.,Sasaran Penerima,0.9453
TXT0973,"yup, belum sama sekali. kalau klaimnya 82,9 juta, paling tidak ada beberapa sekolah di kotaku yang  dapat  mbg, ini sama sekali tidak ada",Distribusi,0.9076
TXT0974,"jelek  pe ngemis ya wajib begitu  cukup modal ngemis jual twit 400 perak tuk puja puji saja  meski pemerintahan bobrok bin tidak becus kerja, memang  keledaivwajib nurut meski goblok 🤣🤣 andalan ukmk tapi umkm dimatiin oleh mbg dasar idiots gedibal",Politik,0.9128
TXT0975,makan bergizi gratis wlau tidak bergizi aowkaowk,Lainnya,0.9179
TXT0976,makan bergizi gratis dari apbn 2026 bikin anak-anak punya pondasi kuat bersaing menuju masa depan,Anggaran,0.7118
TXT0977,kayaknya perlu dikasih mbg tiap hari supaya  cerdas..,Sasaran Penerima,0.4916
TXT0978,"langkah pemerintah prabowo subianto sudah tepat, berbagai program pengentasan kemiskinan, baik lewat pendidikan, teknologi, meningkatkan kecerdasan lewat mbg, sekolah rakyat, optimalisasi dana desa untuk ketahanan pangan nasional",Anggaran,0.6374
TXT0979,kalau mbg tidak dilaksanakan saat anak sekolah libur maka akan terbaca fakta bahwa  anak2 tidak terima mbg juga tetap baik2 saja  tidak seperti  yang  digembor2kan selama ini.. hal ini yang  dihindari takut akan smakin masiv tuntutan mbg dihentikan karena  tidak bermanfaat .. begitu  mungkin guys 🤗,Distribusi,0.907
TXT0980,"wacana berhaji lewat moda transportasi laut. perjalanan 8 hari. punya presiden waham romantisme perang dan jaman orba ya begini nasibnya. mbg sekolah rakyat berhaji jalur laut. asu! bukannya mikir bagaimana waktu tunggu berhaji bisa lebih cepat, quota berlipat, lebih murah.",Politik,0.9165
TXT0981,"anak2 banyak yang  tidak mau makan mbg, kan mubazir",Kualitas Pangan,0.8641
TXT0982,lha sampai sekarang anak saya  sd belum tahu namanya mbg..sekolah negeri dalam kota.,Distribusi,0.9075
TXT0983,"betul kak, tapi perlu diingat pula data stunting dan gizi buruk mayoritas dialami oleh balita. itu artinya yang memang membutuhkan mbg ini adalah mereka yang usianya belum sekolah. program pemberian makanan 4 sehat 5 sempurna bagi balita stunting juga sebenarnya sudah berjalan",Sasaran Penerima,0.9458
TXT0984,"top ten news sabtu 2 agustus: sampah liar, keracunan mbg, ka argo bromo anggrek anjlok",Kualitas Pangan,0.8566
TXT0985,"mbg tuh mirip  sahabat baru buat anak-anak, selalu hadir pas dibutuhin",Distribusi,0.8934
TXT0986,presiden prabowo target 20 juta penerima mbg sebelum 17 agustus 2025,Sasaran Penerima,0.9514
TXT0987,"tandain mukanya.. kalau  ketemu, pukul pakai  rantang mbg sampai bunyi..",Lainnya,0.8409
TXT0988,"anggaran segitu gede ya buat mbg yang  nggarai keracunan tidak ada sop abcd, buat beli smart tv, bangun sekolah baru instead of perbaiki sekolah yang  ada dan kasih akses yang layak (both fasilitas &amp; tendiknya) oh my god .. are we deadass",Anggaran,0.9057
TXT0989,makan bergizi gratis untuk masa depan cemerlang,Sasaran Penerima,0.9477
TXT0990,bangun  kembali menegaskan bahwa mereka akan memberikan sanksi yang berat kepada oknum oknum yang membuat nama program mbg ini menjadi jelek lanjutkan mbg,Tata Kelola,0.9481
TXT0991,"mbg efek kah? dana yang  begitu besar kasih  makan anak anak sekolah se indonesia, pada akhirnya harus dituker dengan  pajak pajak pajak pajak pajak pajak pajak kntl",Anggaran,0.9029
TXT0992,bisa dapat mbg tidak hewannya?,Kualitas Pangan,0.7618
TXT0993,"neeh daripada mbg menjadi makanan beracun karena dikecilin terus dananya, mending aliran dananya untuk yang seperti ini agar semua orang tetap bisa mendapatkan akses pendidikan",Anggaran,0.9062
TXT0994,mbg is coming,Lainnya,0.924
TXT0995,"program mbg memang diberikan dari  mulai ibu hamil, bukan hanya untuk anak sekolah kak. tetap lanjutkan mbg",Distribusi,0.7442
TXT0996,"tenang, angka saja  itu, orang meninggal saja  di anggap biasa, apalagi ini, paling bilang bergizi kok, blabla, padahal  yang  dapta gizinya para- para mereka, mereka  korupsi, mbg, danantara dll, itu ladang korupsi untuk mereka para pejabat dan pemangku kepentingan. baik dari daerah dan pusat.",Politik,0.8929
TXT0997,"domisili ku, jls tulungagung, 2 kecamatan pinggir ada 4 sekolah smp negeri, puluhan sd negeri semuabya blas tidak ada yang  dapat  mbg. hanya omon-omon wkwkkwkw",Distribusi,0.9058
TXT0998,pangan lokal yang disalurkan lewat mbg terbukti jaga ekonomi rakyat rekomendasi prabowo,Ekonomi,0.9742
TXT0999,"daya beli masyarakat jeblok, pengangguran parah rakyat sudah megap2 , infrastruktur pedesaan ancur2an, dana kesehatan disunat,dana pendidikan disunat, apbn defisit, utang ugal2an ribuan triliun ko bisa2nya mbg sampai ratusan triliun memang  negara ini cuma masalahnya mbg saja  ya",Anggaran,0.9071
TXT1000,ini lagi pembodohan publik yang  dimainkan pejabat2 karbitan haus kekuasaan dan kekayaan.. mending uang mbg buat menggratiskan biaya pendidikan secara menyeluruh. pendidikan yang  baik bisa buat bangsa ini maju.. program ini hanya memajukan perut para pejabat dan koleganya.,Anggaran,0.9112
TXT1001,"proses literasi fiskal dan apbn juga penting ditingkatkan agar publik memahami proses yang dijalankan pemerintah. contohnya, secara rasional anggaran mbg dapat diserap dari utang, pewajiban asuransi untuk menutup serapan anggaran karena apbn indonesia dalam kondisi defisit.",Anggaran,0.9016
TXT1002,"setahun 330t untuk mbg saja  bisa. uangnya dari mana mau belanja segitu besar? kalau cuma nutup 112t, sih mustinya bisa! coba jelaskan! kejadian keuangan disini memang tidak  logic!",Anggaran,0.9021
TXT1003,"bahaya! kesepakatan trump-prabowo, as kelola data warga ri. keracunan massal mbg berulang",Politik,0.9181
TXT1004,"btw pilihan lagu yang  sebelah kanan karena  di saya keterangannya ""dapet mbg"" wkwkwk",Lainnya,0.8855
TXT1005,lah ya berarti yang  salah itu bukan programnya tapi memang penyelenggara lapangannya. lanjutkan mbg dengan  pengawasan yang  ketat optimis bisa lebih baik,Tata Kelola,0.9524
TXT1006,"update hingga rabu 23/07/2025.. daftar kasus keracunan/makanan basi mbg : 4 oktober 2024 di nganjuk, jatim 17 januari 2025 di sukoharjo, jateng 19 januari 2025 di nunukan, kaltara 18 februari 2025 di tebingtinggi, sumut 19 februari 2025 di empat lawang, sumsel 21 februari 2025",Kualitas Pangan,0.8584
TXT1007,"kenapa  memaksakan pembagian mbg di saat libur sekolah? smentara di hari biasa aja, cuma  20% yang dimakan. lebih baik tidak usah sama sekali/koreksi ulang biar uang rakyat tidak sia²",Distribusi,0.9022
TXT1008,"rp757,8 t untuk pendidikan, kritikan tumpukan untuk mbg -",Anggaran,0.9103
TXT1009,"pembelian kurma belatung di ratu balqis, ahli gizi mbg: hanya dibolehkan cek kurma display",Kualitas Pangan,0.8615
TXT1010,artinya brazil melaksanakan mbg dengan terencana dengan matang tanpa gradak gruduk seperti indonesia. - .,Tata Kelola,0.9346
TXT1011,"program makan bergizi gratis (mbg) itu penting untuk cegah stunting. tapi alokasinya bikin kaget: rp335 triliun (44% anggaran pendidikan 2026) dialihkan ke mbg. artinya, dana buat mahasiswa, dosen, &amp; riset sekarang dipotong besar-besaran.",Anggaran,0.9062
TXT1012,"tidak pakai  mbg itu stella jadi profesor, gibran jadi wapres, bahlil jadi menteri, ngabis-ngabisin duit negara saja ",Politik,0.9101
TXT1013,"ada mbg, belum sampai di sekolah si kakak kah? set 4 shubuh sangat  cyaa",Distribusi,0.8995
TXT1014,prabowo alokasikan rp335 triliun untuk program makan bergizi gratis 2026,Anggaran,0.9112
TXT1015,anggaran pendidikan buat mbg ..🤣🤣 .. ngapain belajar kalau makan saja sudah auto pintar ..,Anggaran,0.8997
TXT1016,oh pantes kasih  mbg beracun mulu.,Kualitas Pangan,0.8557
TXT1017,apa itu mbg?,Lainnya,0.9164
TXT1018,"penerima manfaat mbg capai 6,2 juta, bos bgn: ini sudah bisa hidupi penduduk singapura",Sasaran Penerima,0.9461
TXT1019,hidup mbg!! oke gass oke gass,Lainnya,0.9205
TXT1020,terbahak-bahak  sangat  ada anggota dewan yang  maksa sekolah biar dapurnya dipakai  buat mbg sekolah itu,Tata Kelola,0.9317
TXT1021,"prabowo pada 2019 mengutip novel fiksi ""ghost fleet"" sebagai peringatan agar indonesia waspada, bukan ramalan pasti nkri hancur 2030. kini sebagai presiden, pencapaiannya termasuk pertumbuhan ekonomi 5,12%, program makan bergizi gratis, dan kepuasan publik 70-80%. namun, kritik",Politik,0.9165
TXT1022,"bhabinkamtibmas kelurahan giwangan aipda basyori anwar, sh melaksanakan kegiatan pengamanan dan monitoring penyaluran program makan bergizi gratis (mbg) di sekolahan yang ada di wilayah kelurahan giwangan. senin (14/7/2025)",Distribusi,0.904
TXT1023,mbg membuka lapangan kerja kata 02 om.,Ekonomi,0.9693
TXT1024,kenapa guru juga harus dapat  mbg,Sasaran Penerima,0.5612
TXT1025,wamendukbangga: 18 ribu kader siap jadi ujung tombak distribusi mbg,Distribusi,0.8655
TXT1026,"keracunan mbg bikin publik waspada, tapi langkah sleman bikin tenang",Kualitas Pangan,0.8556
TXT1027,"presiden prabowo bikin gebrakan baru lewat mbg, apalagi sudah didukung brasil",Politik,0.9168
TXT1028,kodim 1420/sidrap menunjukkan komitmennya melalui pendampingan aktif oleh para babinsa dalam kegiatan pendistribusian makan bergizi gratis. jumat (01/08/2025).,Distribusi,0.9058
TXT1029,"siapa saja yang diduga melakukan korupsi dalam program mbg ini, ??",Tata Kelola,0.9199
TXT1030,bri dorong umkm katering jadi tulang punggung mbg,Tata Kelola,0.8385
TXT1031,ratusan siswa di ntt keracunan usai konsumsi makan bergizi gratis,Kualitas Pangan,0.8589
TXT1032,program mbg perkuat sdm menuju indonesia emas 2045,Sasaran Penerima,0.9464
TXT1033,"mereka ini benar  ngedata indonesia tidak sih? apa salah ngedata negara? katanya angka kemiskinan rendah, angka pengangguran rendah, mbg bikin cerdas, kek.. yang kamu data siapa anjir",Politik,0.9197
TXT1034,memang  dipikir mbg belatungan tidak tambah  ngabisin duwit?,Kualitas Pangan,0.8604
TXT1035,"menko pangan zulhas sebut siswa keracunan mbg bukan salah masak, tapi belum terbiasa. “dulu saya minum susu diare”, ujarnya di sppg wonocolo, surabaya, 21/8/2025. netizen kritik keras: “belum terbiasa keracunan?” zulhas janji perketat pengawasan gizi. kpk diminta usut.",Kualitas Pangan,0.8611
TXT1036,"tidak kaget, kek gini cuma mancing saja  abis itu distop cuma mbg saja  yang distop-stop",Kualitas Pangan,0.8369
TXT1037,mbg tidak kerasa yaa,Kualitas Pangan,0.8572
TXT1038,"untuk pertama kalinya, suara 80 juta anak indonesia tak lagi sekadar gema. presiden ke-8 ri, prabowo subianto, menjawab dengan 8 aksi nyata. dari makan bergizi gratis, sekolah berasrama, hingga pp tunas yang merupakan regulasi pelindung anak di dunia digital, semua dimulai hanya",Politik,0.9092
TXT1039,ini baru mbg yang berkualitas. eh tapi disana gratis tidak yah,Kualitas Pangan,0.7939
TXT1040,kamu abis makan mbg ya?,Lainnya,0.9238
TXT1041,salah sendiri disuruh pilih internet gratis malah pilih makan bergizi gratis🤣🤣,Lainnya,0.5331
TXT1042,ini baru namanya mbg 🫡,Lainnya,0.9221
TXT1043,di sekolah kamu mbg nya lancar terus kaah tiap hari ada?,Distribusi,0.9062
TXT1044,dipikir orang orang bakal mati kali ya kalau tidak dapat  mbg,Distribusi,0.8869
TXT1045,fuck mbg i want a program called satu rumah satu choi san,Lainnya,0.9179
TXT1046,daripada  mbg mending beli buku paket erlangga,Lainnya,0.924
TXT1047,"sarjana penggerak, infoe sih gae ndukung mbg ikuu",Lainnya,0.9249
TXT1048,harusnya diliatkan skolah² mana saja  yang  sudah mendapatkan+jumlah siswa yang  dapat  mbg karena  daerahku belum  ada sekolah yang  dapat(luar jw,Distribusi,0.9032
TXT1049,"yang nyerang mbg karena insiden ini, sadar tidak sih kalau ratusan ribu anak lain terbantu? ada satu kasus = dievaluasi. tapi jangan diskreditin program keseluruhan. prabowo itu kerja, bukan ngeles doang.",Tata Kelola,0.8599
TXT1050,"bagaimana  kalau  menteri dan anggota jatah makan siang rapat diganti dengan  makanan mbg juga, supaya bisa bantu kontrol kualitas makanan",Kualitas Pangan,0.8447
TXT1051,solusi nya butuh program makan gratis prawowo 🤣,Lainnya,0.8364
TXT1052,"mending ini  orang dikasih mbg tiap hari, biar bisa mikir",Lainnya,0.9028
TXT1053,beda mbg nya..padahal sama2 gratis dari negara,Tata Kelola,0.3589
TXT1054,"halu.. padahal  diteriakin begitu  mksdnya, ""pak, mbg, pak, mbg-nya basi, pak!""",Kualitas Pangan,0.8504
TXT1055,kenyang gundulnya mbg saja  tidak bermutu,Kualitas Pangan,0.8598
TXT1056,harus dikaji ulang tuh surveyor yang meloloskan catering ini buat ikut proyek mbg. perlatan masaknya sudah sesuai belum dengan sop standart masaknya? komposisinya sudah benar belum? kaji ulang dan audit semuanya,Tata Kelola,0.9473
TXT1057,"selagi proses masak -pembagian ke siswa tidak bruba, saya jamin mbg ini tetap tidak bergizi",Distribusi,0.906
TXT1058,"pak presiden, kamu boleh kasih  anak2 mbg.. tapi kamu liat juga negara masih  banyak  utang, mikir dunk..mnding uang mbg buat bayar utang negara, jangan bikin  tambah  susah..kbijakan kamu ini nyengsarain rakyat, pajak tambah  naik terus..percuma ngmong lewat dpr mpr, mereka  tidak memikirkan  rakyat!!",Anggaran,0.8976
TXT1059,"heboh lauk ayam mbg ada 'belatung' bikin para siswa mual, respons bgn: cuma 4 dari 3.400 porsi yang terkontaminasi",Kualitas Pangan,0.8586
TXT1060,"kan goblok ye. mbg kan program negara, ngapa perlu kredit? terus  kalau  negara gagal bayar ke vendor terus  vendor gagal bayar ke danantara jadi nya harta vendor di embat semua gt?",Anggaran,0.9024
TXT1061,makan bergizi gratis,Lainnya,0.9248
TXT1062,kegiatan terbesar saat ini ada di bangun  dengan  proyek mbg. pelaksana kegiatan di tiap daerah dari timses 58% tapi yang  punya modal paling sedikit  rp. 1.5m. umk/umkm modal rp. 10 juta tidak sulit partisipasi. makanya sasaran peningkatan perekonomian sulit dicapai. akhirnya sama  ngutang terus.,Tata Kelola,0.9151
TXT1063,mbg = makanan bikin gemblung,Kualitas Pangan,0.8582
TXT1064,pilihan prioritas kebijakan 2026: mbg = 335 t 🤯 bayar bunga utang = 600 t koperasi merah putih = 83 t ikn gaji pns tidak naik sejahterakan guru perbaikan gedung sekolah gratis biaya sekolah-pt untuk  anak keluarga miskin,Anggaran,0.9054
TXT1065,awalnya juga saya  kira begini. tahunya  kok mlh jadi modelan ketring. bayangan saya  dulu  mbg ini bkal ada dapur umum. terus  makannya modelan prasmanan. ngantri kek d ondangan.,Tata Kelola,0.8161
TXT1066,"monitoring makanan bergizi gratis (mbg) di jln. kua rw.09 wilayah kelurahan cipadung kidul kecamatan panyileukan. senin, 14 juli 2025.",Distribusi,0.9048
TXT1067,"ikn dan mbg itu contoh program yang  dengan mulai dieksekusi saja  sudah gagal, mau akhirnya jadi bagus berjalan baik tetap  program gagal karena dari  awal memang tidak dibutuhkan oleh negara malah membebani negara",Tata Kelola,0.9457
TXT1068,saya kemarin  ingin ngetawain menu mbg anak nya teman  gw.. roti satu biji.. daging slice.. tomat sama selada.. sama susu uht vidorant..,Kualitas Pangan,0.8606
TXT1069,kobisa anak kost dapat  mbg..,Sasaran Penerima,0.8657
TXT1070,yaallah semoga sodaraku tidak ada yang ikutan dapat  mbg,Distribusi,0.8324
TXT1071,"wkwkwkwk alhamdulillah sd nya tidak kena mbg, kalau  tidak gurunya kan yang  suruh icip duluan 🥹🥲",Kualitas Pangan,0.4946
TXT1072,"saat berkunjung ke solo, presiden berbagi cerita tentang pengalamannya saat bertemu dengan anak² di jawa tengah yang menagih program mbg wahh sabar ya cah..",Sasaran Penerima,0.9447
TXT1073,mbg lach,Lainnya,0.9266
TXT1074,"bangun  targetkan 82,9 juta masyarakat terima mbg sampai akhir 2025",Sasaran Penerima,0.95
TXT1075,"kami dirumah selalu mbg ke anak anak kami selama 20 tahun lebih tidak pernah ada kasus keracunan seperti itu.., amatir..",Kualitas Pangan,0.8693
TXT1076,"walau saya sendiri juga takut sih kalau jaringan mbg nanti jadi benar  jalur bansos pemerintah pas saat keadaan lagi susah, tapi sebelum itu terjadi, pemerintah harusnya lebih dulu mempersiapkan masyaraktnya.",Tata Kelola,0.9359
TXT1077,"mereka kaum malas berfikir, tergambar dari kebijakan2 yang  diambil, contoh mbg.",Politik,0.912
TXT1078,"tidak main-main, program makan bergizi gratis &amp; cek kesehatan gratis presiden prabowo sudah nyentuh lebih dari 1,4 juta orang di 26 provinsi. langsung dirasakan rakyat kecil — dari anak sekolah sampai buruh harian. kerja nyata di 100 hari pertama",Sasaran Penerima,0.5208
TXT1079,bicara  tidak selevel gelarnya.. mbg lebih  banyak  menghasilkan tahi  dari  pada  mencerdaskan bangsa program krj yang  syarat manipulasi n korupsi..,Politik,0.9205
TXT1080,wkwkwkw di pikir mbg itu bikin cepat  pertumbuhan ekonomi,Ekonomi,0.9742
TXT1081,mbg yang ada di benak si wamen..,Lainnya,0.9138
TXT1082,"merasa  aneh tidak sih kenapa begitu sering terjadi keracunan makanan di program mbg ini ? pemerintah tidak mungkin tidak mengevaluasi setiap kejadian, namun selalu terulang lagi. pemerintah wajib mengusut tuntas hal ini, tidak sekedar asal bicara di media. cc.",Kualitas Pangan,0.8501
TXT1083,"ayo tentara mbg sppi brigif bentukan pak presiden tertibkan segera mbg,",Distribusi,0.4828
TXT1084,"10 hari berikutnya stok sayuran dan lauk di kecamatan tersebut akan berkurang derastis, masyarakat mulai kesulitan mencari bahan makan sehari, karena diborong oleh tim mbg, kalau ada mentri yang  bilang tinggtal nanam saja, yo ndasmu kui, mbok kiro nanadur cukup sedino buah",Distribusi,0.8207
TXT1085,"mbg jadi soroton dunia karena banyak yang  sakit dan logistic nya banyak yang  belum di bayar belum di gaji, tambah lagi anggaran nya bisulantidak ada yang  sehat, tidak ada yang  effective, penderitaan nya lebih banyak dari pada untung nyastupid program",Tata Kelola,0.8977
TXT1086,sebutkan umkm yang  bisa kerjasama dengan dapur mbg?,Tata Kelola,0.8836
TXT1087,"segitu banyaknya anak-anak sekolah ingin  mendapatkan makan gratis, semoga bisa semakin ngebut dan tidak ada lagi antek2 musuh negara yang menghambat dan mau batalin makan bergizi gratis. karena ternyata banyak anak-anak sekolah yang kepingin dan membutuhkan mbg.",Sasaran Penerima,0.9439
TXT1088,"oh iyaa sama satu lg, takut anak saya keracunaann, soalnya tetangga saya dapat  mbg yang  sudah basi, langsung dibuang, kasihan  kan anaknya jadi salatri karena  tidak jadi makan",Kualitas Pangan,0.8582
TXT1089,"semua yang  penting dikorbanin demi program yang  sama sekali tidak penting ""mbg"" bangsad memang  yang  urus  negeri ini",Anggaran,0.4522
TXT1090,"gpp, buang saja  terus apbn buat mbg atau makan beracun gratis buat makin cepat bubar negara ini",Anggaran,0.9
TXT1091,ya lah itu urusan catering nya bukan mbg nya kaum bongkrek emx selalu  cari celah buat dengki,Tata Kelola,0.938
TXT1092,1. program gajetot 2. kabinet gemuk 3. tidak ada oposisi 4. mbg 5. 02 voters anjing kamu semua,Politik,0.9119
TXT1093,"kalau kemiskinan menurun harusnya bansos berkurang, mbg juga dihapuskan. paling tidak mbg khusus untuk daerah tertinggal yang membutuhkan saja. kesimpulannya saya masih ragu karena tunggakan bpjs masih tinggi",Anggaran,0.4267
TXT1094,lauk sarapan hampir tiap hari kue + susu + rasa kekesalan orangtua  dengan program mbg.,Kualitas Pangan,0.8638
TXT1095,"pengadaan barang dan jasa (pbj) rawan manipulasi kajian menunjukkan proses pbj dalam mbg tidak mengindahkan prinsip transparansi. berdasarkan survei penilaian integritas (spi) kpk, sektor pbj masih mendominasi kasus suap dan gratifikasi, dan mbg menunjukkan indikasi kuat ke sana.",Tata Kelola,0.9537
TXT1096,"kalau begitu  harusnya mbg diterapin ke jajaran pemerintah juga, biar lebih konsentrasi kerjanya",Tata Kelola,0.9468
TXT1097,"begini kakak, itu anggaran mbg kan sudah disediakan, sangat mubazir dan dosa bila anggaran tersebut  tidak terserap semua. sehingga mbg tetap berjalan sebagaimana mestinya sesuai dengan pedoman awal yaitu ""mumpung masih menjabat, rampoklah uang rakyat sebanyak-banyaknya""",Anggaran,0.9033
TXT1098,"fuck diskursus bubur ayam diaduk atau ngga, kamu pada liat sudah ini mbg kasih  mi ayam dipisah anjeengg",Kualitas Pangan,0.8517
TXT1099,"mereka naikkan karena dana ke pemda kena efisiensi, jadi pemda pakai uang apa? sedangkan pemerintah pusat alihkan dana ke program prioritas macam danantara dan mbg.",Anggaran,0.9057
TXT1100,sana sini omon omon bahwa mbg dipuja puji diluar negeri sementara di jakaera sendiri masih banyak anak putus sekjolah dikarenakan faktor ekonomi,Ekonomi,0.9698
TXT1101,daripada mbg gila2an mending dialihkan ke sarana dan prasarana,Anggaran,0.9081
TXT1102,tidak ada yang namanya makan bergizi gratis di bawah kapitalisme — bagi kami tidak ada yang seperti itu.,Politik,0.9114
TXT1103,"pemkab sleman nunjukin kalau program makan gratis tidak asal jalan, tapi dijaga sekali ",Tata Kelola,0.943
TXT1104,"pak presiden ini bukan soal like or dislike,terkait mbg. saya pernah bukan sekedar mencicipi tapi memakannya dan memang kwalitasnya dibawah standart, anak2 banyak  dibawa pulang karena  disekolah tidak mau makan sebab makanan ( sayur ) sudah basi dan tidak layak makan.",Kualitas Pangan,0.8661
TXT1105,tugas polri apa di mbg? belanja kangkung ke pasar? masak nasi juga?,Kualitas Pangan,0.8532
TXT1106,"iyaa, belum  benar-benar  matang  tidak si pelaksanaan mbg",Tata Kelola,0.9325
TXT1107,asekk kasih dia mbg wahai presidenku,Lainnya,0.9121
TXT1108,"babinsa pengasih koramil 11/pengasih kodim 0731/klp sertu ibnu, jum'at (1/8/2025), pendampingan pendistribusian makan bergizi gratis (mbg) dari dapur sppg mandiri mitra bangun  dapur rodlotul pengasih, ke sekolah-sekolah penerima program mbg di wilayah kal pengasih, kap pengasih.",Distribusi,0.8996
TXT1109,mbg makan belatung gaes,Kualitas Pangan,0.8549
TXT1110,pun mbg tetap dijalankan.. sangat politis sekali,Politik,0.4312
TXT1111,maklumin saja  soalnya dia tidak dapat  mbg (*mbg kan katanya bisa meningkatkan kecerdasan),Distribusi,0.8908
TXT1112,han kamu saja  han yang  bikin program mbg,Tata Kelola,0.4687
TXT1113,mbg tiap bulan ada saja  kasus keracunan,Kualitas Pangan,0.8635
TXT1114,stop mbg yang  buat siswa keracunan,Kualitas Pangan,0.8573
TXT1115,yang  paling besar anggaran mbg. hadeuuh..,Anggaran,0.9046
TXT1116,"kebalikannya. di kotaku ad sekolah  yang  kbagian ampe kantin d skolahnya pada mtusin buat  tutup. d sisi lain ad sekolah  yang  anak2nya mayoritas golongan ‘bawah’ malah tidak dapat  mbg. padahal  kalau dari  pkerjaan ortunya, sekolah  ini hrusnya trmasuk dapet. tidak tahu pnilaian dapat  atau tidak nya dari mana",Distribusi,0.9062
TXT1117,daerah kalian ada mbg?,Distribusi,0.9071
TXT1118,efek mbg kalau bicara  pade ngelantur keracunan.,Kualitas Pangan,0.8587
TXT1119,"program mbg melibatkan sekitar 10 ribu umkm, badan usaha milik desa (bumdes), dan koperasi yang sudah menyuplai bahan baku ke sppg.",Ekonomi,0.9678
TXT1120,"exactly! jadi tidak sembarangan warteg suply ke mbg. harus diperhitungkan dapur higenis, karena untuk keselamatan para pelajar yang  mengkonsumsi.",Tata Kelola,0.952
TXT1121,ganjar mahfud adalah calon pres wapres sudah punya track record. apa itu kurang? coba bandingkan  profil kedua calon. pembanding nya itu dong. belum lagi membicarakan  program. masak program makan gratis yang  dipilih?,Politik,0.917
TXT1122,mbg makasih bang ganteng,Lainnya,0.9205
TXT1123,"ya, pertumbuhan ekonomi indonesia saat ini tampak sementara, didorong belanja pemerintah seperti program mbg (rp171t+), tapi defisit melebar ke 3,2% pdb dan utang naik tajam (hingga 47% yoy di h1 2025). risiko inflasi jangka panjang meningkat jika tak dikelola, ditambah gelombang",Anggaran,0.9073
TXT1124,yang besar biaya mbg,Anggaran,0.9074
TXT1125,apa susahnya bilang kalau mbg tuh bikin  apbn tekor sih bu?,Anggaran,0.9006
TXT1126,"bukankah lebih  baik membuka dapur untuk  mbg di sulawesi,kalimantan,ntt,ntb..drpd di sumut.",Distribusi,0.8831
TXT1127,makan bergizi gratis untuk anak-anak indonesia,Sasaran Penerima,0.9471
TXT1128,campus hiring week 2025! pt maju bersama gemilang (mbg) adalah perusahaan manufaktur yang bergerak di bidang produksi fiber optik dan solusi teknologi industri. saat ini membuka berbagai peluang karier untuk kamu yang ingin berkembang di dunia kerja profesional.,Ekonomi,0.974
TXT1129,gimana kalau  kita biasakan dia yang  makan itu menu mbg,Kualitas Pangan,0.8635
TXT1130,gapaham kenapa masih kekeh buat pertahanin mbg mbg yang sudah jelas-jelas sistem dan hasilnya gajelas? pls sekali  kalau  tidak niat kerja minimal tidak goblok juga :(,Tata Kelola,0.9414
TXT1131,"imbas program mbg anggaran pendidikan &amp; kesehatan di pangkas, sekarang ada rencana mengambil dari pos zakat. bukannya tidak mendukung, tapi kalau  ugal²an gini ?? -- jokitugas sarapan senin danantara dere selasa",Anggaran,0.9013
TXT1132,"breakdown lagi, buat mbg berapa buat pendidikan berapa",Anggaran,0.9107
TXT1133,dia lah yang paling kenyang dengan  mbg..,Lainnya,0.679
TXT1134,weh dahyu kamu abis makan mbg?? cepat  sembuh yaa,Lainnya,0.6601
TXT1135,"dugaan keracunan mbg di mlati ternyata terjadi pada empat sekolah, total ada 212 orang bergejala",Kualitas Pangan,0.8585
TXT1136,"kasian.. mau di ewe demi sesuap makanan, mending kamu join mbg nya prabowo sudah",Politik,0.8824
TXT1137,"yang  paling ngotot dulunya beliau jadi presiden ya si on dan sekarang  jadi presiden pbuat lembaga2 baru,kawan2 banyak  rangkap jabatan,mbg ada belatung'y eh dia diam seribu bahasa, atau mata,hati,jiwa'y lagi  tidak ada skrg?? 🤔🤔",Politik,0.9185
TXT1138,"yang  tidak pulkam ada termasuk adekku, dia ke sekolah buat ambil  mbg wkwkwk.",Distribusi,0.8906
TXT1139,kalau saya sih setujunya mentri wamen dan pejabat lain dikasih mbg milik siswa dan jatah makan mereka dikasih ke siswa ..,Sasaran Penerima,0.7844
TXT1140,"mengalihkan kegagalan mbg,lari ke tarif trump.. hebat pemuja jokono ini .. biar salah yang  penting jadi presiden! 🤭🤭",Politik,0.9174
TXT1141,jangan ambil jatah makan bergizi gratis,Lainnya,0.9227
TXT1142,nah benar  tuker saja  makananya kalau  mbg makanan enak,Kualitas Pangan,0.8614
TXT1143,saya juga tidak butuh program mbg itu ya mul. sadar semua kamu anjg. sudah tidak bisa sltay kalem kalau  pemerintah madesu gini,Politik,0.9083
TXT1144,"mbg bisa meningkatkan diare mual dan pusing halo bu wamencret pengharum ruangan, are you understand?",Kualitas Pangan,0.8198
TXT1145,yang  guru disuruh cicip mbg. yang  nakes disuruh jungkir balik demi capaian program cek kesehatan gratis.. ngenes 🤣🤣,Kualitas Pangan,0.8588
TXT1146,"at least not spent it all to mbg + fat ass kabinet. pasti mereka ada errornya, apalagi ganjar pdip, yang  main  2 kaki, + anies ada nadem + imin. tapi pemerintahan sekarang, tajem sekali  ke bawah iritnya + jor2an sekali  ke atas.",Politik,0.9115
TXT1147,wkwkwk anjir this is mbg what i mean,Lainnya,0.9264
TXT1148,"kukira kasus keracunan mbg ada di berita doang, ternyata tetangga sendiri kena",Kualitas Pangan,0.8617
TXT1149,"memastikan setiap anak indonesia mendapatkan nutrisi cukup untuk  tumbuh sehat &amp; cerdas. mbg bukan  sekadar memberi makanan; itu adlhsenjata untuk membangun generasi tangguh, layaknya luffy membekali krunya untuk menghadapi setiap bahaya.",Sasaran Penerima,0.9499
TXT1150,"yang  lulusan ptn terkenal sj banyak  yang  kelimpungan, bahkan dengan berat hati kerja di mbg dengan  gaji umr. banyak loker tapi setelah dikirim cv cs tidak ada kelanjutannya. sunyi sepi, yang  ramai  koar2nya.",Tata Kelola,0.8996
TXT1151,"prabowo salah strategi dalam menjalankan program mbg..harus nya di awal itu yang  di sasar anak kelas 12--11--10 dulu..karena mereka akan segera tamat..kalau sampai mereka menunggu lama ,pasti tidak merasakan mbg..dan itu akan di bilang omon omon aja..cc",Distribusi,0.5144
TXT1152,"disamain saja dengan  mbg anak sekolah, kan katanya bisa bikin cerdas.. anggota dpr sekarang kan banyak  yang  bloon..",Politik,0.7598
TXT1153,"yailah..ada sebab ada akibat, geto lih, syukur2 presiden yang  sekarang mau menghadiri gawai tersebut, minimal wakilnyalah jika beliau sibuk urus mbg dan koperasi merah putih..",Politik,0.9159
TXT1154,"video: produksi food tray, emiten otomotif siap dukung program mbg",Tata Kelola,0.8555
TXT1155,"dari awal kebijakan mbg ini tidak jelas dari awal, tidak ada pengawasan kualitas dan kebersihannya.. harusnya setelah ada kasus keracunan, makanan basi, makanan ber belatung. di stop dan di evaluasi ulang..",Tata Kelola,0.9571
TXT1156,coba tuh si wowo suruh makan mbg 🤣,Kualitas Pangan,0.8448
TXT1157,"tidak penting bu,yang penting dan wajib itu mbg",Tata Kelola,0.7863
TXT1158,"program makan bergizi gratis (mbg) tidak hanya meningkatkan kualitas gizi masyarakat, tetapi juga mendorong pertumbuhan ekonomi lokal melalui peningkatan permintaan produk pangan lokal dan pemberdayaan usaha mikro, kecil, dan menengah (umkm).",Ekonomi,0.9747
TXT1159,wo tulung biaya buat mbg yang unfaedah itu  ditinjau ulang dong! makasyii,Anggaran,0.9056
TXT1160,si goblok 900 jt dibilang banyak. noh mbg tiap hari anggaran 1 trilyun mirip  gimana bentuknya.,Anggaran,0.9069
TXT1161,garuda indonesia manthab.. digagahi komunis di partai kandang. digagahi di maka  sama bocil cilik menyerah tuh demokrasi. apa lagi yang bisa di banggakan dari garuda? mbg..,Politik,0.9176
TXT1162,"wooii.. kamu pikir 50 trilyun itu jumlah yang sedikit?? kamu pikir rakyat tidak tahu kalau  perusahaan catering itu diperas minta komisi proyek makan ini?? ayoo laah dan mengusut mbg ini, ini duit banyak yang  tidak terkontrol pengeluarannya",Anggaran,0.9053
TXT1163,membayangkan jika kerugian negara tersebut dipakai untuk program mbg yang  konon membutuhkan 2 triliun per bulan maka kerugian negara tersebut sudah cukup untuk membiayai program mbg selama 484 bulan atau 40 tahun.,Anggaran,0.9027
TXT1164,"pantes saya makin oon, mbg belum  sampai sekolah  saya wo",Distribusi,0.8978
TXT1165,"dana mbg tenyata diambil dari 44,2 persen anggaran pendidikan",Anggaran,0.909
TXT1166,hahahaa.. apa iya jika jatah mbg disamain kek para pejabrut.. maksi 118rb n snack senilai 53k,Lainnya,0.7176
TXT1167,kebalik mbg 118.00 pejabat 10ribu kan banyak uang,Anggaran,0.8968
TXT1168,"pernyataan bahwa program makan bergizi gratis mengambil 44% dari apbn, yang membuat presiden melanggar uud 1945, tidak benar. konstitusi indonesia, tepatnya dalam pasal 31 ayat (4) uud 1945, hanya mengamanatkan bahwa alokasi anggaran pendidikan harus minimal 20% dari apbn.",Anggaran,0.9043
TXT1169,program makan bergizi gratis ini bikin kita optimis masa depan generasi emas!,Sasaran Penerima,0.9469
TXT1170,"day 1 mpls masuk sma, ponakanku dapat  mbg singkong kukus dikasih skm. dibawa pulang karena  tidak doyan, sampai rumah sudah sore dan sudah basi.",Kualitas Pangan,0.8546
TXT1171,50 dapur umum disiapkan pemkab siak untuk layani program mbg,Distribusi,0.8806
TXT1172,pesawat baru pesawat baru. mbg kamu noh ada belatungnya!!,Kualitas Pangan,0.8581
TXT1173,"kalian yang jualan di kantin sekolah, kalau sekolahan itu dapat  mbg tuh, kalian masih jualan atau nggak? minat beli anak"" turun ya pasti kalau sudah dapat  mbg?",Distribusi,0.8898
TXT1174,"mbg? dapur yang  nanganin saja  banyak yang  rugi loh, niat hati mau cuan handle proyek pemerintah tapi malah pada mumet. mau sampai kapan ini  kita ngebiarin pejabat2 mengadakan  proyek tidak jelas cuma buat bagi2 ""kue? kita itu buanyak sekali  loh kalau kompak, yakali..",Tata Kelola,0.9338
TXT1175,"akibat 51% dana pendidikan buat ikn saat jokowi presiden, hari ini dialihkan lagi untuk mbg. nyaris kebutuhan mendesak seperti gedung sekolah terabaikan. masih ditambah adanya korupsi di sektor pendidikan.",Anggaran,0.9078
TXT1176,"sebenernya.. semua program itu bagus kalau  sesuai dengan  anggaran, tujuan, dan tepat sasaran. tapi masalahnya ini  pemerintah kita dari  dulu banyak  ngadi²nya. ini  salah 1 proker yang  banyak  salah sasaran jadi tujuannya blass bablas. mbg, tujuan awal untuk  cegah stunting, tapi ibu hamil malah tidak dpt. lol.",Tata Kelola,0.85
TXT1177,"mbg sulit untuk di audit, buktinya mana kalau sudah didistribusi ke siswa? paling hanya foto, selebihnya sudah masuk perut. cara ngecek jumlah riil yang  telah dibagi sama peng spj annya gimana? kalau beli traktor, bangun gedung, laptop dan lain bisa cek kesesuaian spek dan jumlah, lah ini",Distribusi,0.8614
TXT1178,program makan bergizi gratis sudah berjalan di sekolah dasar,Distribusi,0.9041
TXT1179,"bagus, tag ini bisa tekan rezim untuk audit independen &amp; transparansi. bbc laporkan ratusan siswa keracunan mbg di ntt &amp; kulon progo (juli 2025); ppatk blokir 28 juta rekening rugikan akses dana rakyat (tempo). semoga kpk &amp; komnas ham selidiki. langkah selanjutnya apa?",Anggaran,0.8082
TXT1180,"yang  bilang pemerintah tidak belajar dari kesalahan siapa? dalam konteks mbg, ada tidak kasus keracuna yang terulang? kalau  mau nyalahin mah gampang, tapi tidak heran sih orang indo tidak kemana-mana. nyalahin orang terus  soalnya",Politik,0.8999
TXT1181,mbg wkwkwkw ini lucubgt,Lainnya,0.8399
TXT1182,please makan mbg seret sekali  tidak ada sayur kuah hueheuhue,Kualitas Pangan,0.8609
TXT1183,yang dikasih makan bergizi gratis setan kah?,Lainnya,0.897
TXT1184,nontonin dapur mbg ya?,Lainnya,0.9229
TXT1185,"dalam kesempatan itu, prabowo lantas mencontohkan program makan bergizi gratis (mbg) yang pada periode awal peluncurannya juga kerap menjadi sasaran nyinyir.",Politik,0.9185
TXT1186,"btw mbg itu bukan untuk anak sekolah saja  sih. ibu hamil, ibu menyusui dan balita belum sekolah juga dapat mbg.",Sasaran Penerima,0.8112
TXT1187,"mbg itu proyek bancakan anggaran nebeng pendidikan, padahal di dominasi mbg. proyek bancakan model prabowo.",Anggaran,0.9146
TXT1188,cocok ini mana mbg jadi sumber penyakit baru,Kualitas Pangan,0.7499
TXT1189,potret guru di sleman setelah menenggak satu sendok nasi program mbg yang tidak diketahui kandungannya,Kualitas Pangan,0.8676
TXT1190,"lah, katanya  mbg sudah disiapkan untuk  mengatasi masalah ini..??",Distribusi,0.897
TXT1191,"always with that damn kemustahilan, sama saja  mirip  program mbg yang dia janjikan lol, masih mau percaya?",Lainnya,0.7233
TXT1192,mbg sudah banyak  masalah malah diterusin. pemerintah benar-benar  ndablek dan goblok ya..mendingan bikin program yang  lebih bermanfaat,Politik,0.908
TXT1193,adik  saya dianterin ampe rumah mbg nya,Distribusi,0.9038
TXT1194,"ngebayangin suatu saat ada orangtua  punya pertimbangan begini  pas mau daftarin anaknya sekolah ""sekolah yang  ini saja  deh, belum/gak (harus) nerima mbg"" karena etiher jadi orang yang  bikin mubazir makanan atau korban penerima makanan kurang bermutu baik",Kualitas Pangan,0.7852
TXT1195,"sudah jelas kalau mbg itu modus korupsi berkedok efisiensi anggaran, anggarannya paling gede, laporannya dicuekin aja.",Anggaran,0.9113
TXT1196,"cuma? sama persis mirip  presidenmu yang  bilang program mbg keracunan ""cuma"" 0,5%. nyawa orang itu, bukan sekedar angka.",Kualitas Pangan,0.8596
TXT1197,dilanjutkan dengan mbg ini kan?..kah?..,Lainnya,0.924
TXT1198,"selama tidak mengganggu program unggulan seperti  mbg dan giant sea wall, meskipun tahu dia akn bersikap pura² tidak tau. jika  dicermati scara jeli, dengan  meminjam tangan lain dia mendapat keuntungan dari  semua  polemik yang  trjadi. meski kekuasaan bisa terjungkal dia akn tetap mengambil resiko itu",Politik,0.9168
TXT1199,"nggakpapa, masyarakat terima kalau anggaran pendidikan dipakai untuk mbg, kalau anggaran pendidikan dipakai buat kereta cepat atau ikn baru masyarakat tidak terima.",Anggaran,0.9017
TXT1200,ponakan saya kemarin  dapat  snack biskuit banyak pas ambil  raport. saya tanya kok bisa dapat  banyak?? ternyata itu stock pengganti mbg selama masa libur. benar  diganti ciki-cikian 🤣,Distribusi,0.9062
TXT1201,bapak anggota dpr ini belum dapat mbg makanya hitungan matematikanya kurang bisa.,Distribusi,0.9079
TXT1202,"saya di surabaya, anakku dari tahun lalu hingga detik ini belum dapat mbg",Distribusi,0.904
TXT1203,yang  penting mbg.. padahal mbg sudah banyak makan korban keracunan makanan. sialnya mbg katanya bikin murid cerdas. iya betul kalau  gizi dan proteinnya bagus. gimana mau bagus harganya cuma 10rb rupiah.?? dikurangi lagi  buat keuntungan pekerja yang  masak. bohonglah mencerdaskan bangsa,Kualitas Pangan,0.8484
TXT1204,"sosok presiden prabowo memang  peduli pengembangan polri, sppg polri cerminan visi dia buat mbg",Politik,0.8991
TXT1205,"beda beda ya? itu yang  protein kata dedy corbuzier wkwkwwkwkw. soalnya katanyaa protein itu  kuat tahan  lapar. kalau karbo nanti cepat  lapar  lagi. dan kita setiap hari kan ada target protein yang harus terpenuhi. btw, tim mbg pernah tidak ya memikirkan  beginian? wkkwkwkwk",Kualitas Pangan,0.8537
TXT1206,komisi ix tegaskan pentingnya penyimpanan memadai di dapur mbg,Tata Kelola,0.9381
TXT1207,"damn, mbg menghasilkan anak2 keracunan",Kualitas Pangan,0.8508
TXT1208,"wah kacau nih program omon omon.. tidak tanggung², 215 siswa tumbang karena makan bergizi gratis, tapi bikin sakit !! klarifikasi nya ada biasanya, salah² nanti bukannya di perbaiki tapi malah program nya di hentikan, dana jadi tidak jelas, dan kambing hitam pun di cari.",Tata Kelola,0.9144
TXT1209,"skandal ikn, mbg, dan koperasi merah putih bakal jadi salah satu kasus korupsi terbesar abad ini. lets be real, jangan membohongi diri sendiri..",Politik,0.9196
TXT1210,"makan bergizi gratis adalah hak semua anak, makanya program mbg hadir meratakan kesempatan emas ini",Sasaran Penerima,0.8396
TXT1211,makan bergizi gratis cerdaskan generasi bangsa,Sasaran Penerima,0.948
TXT1212,mbg ini mah buat bapak2 ngeronda,Sasaran Penerima,0.9434
TXT1213,mana nih si botak mirip squidward itu tidak ada ngoceh2 lagi dia soal mbg? kemarin marah2in anak2 yang  keluh  mbg nya tidak enak. ini pada keracunan si botak nongol2.,Kualitas Pangan,0.8621
TXT1214,"tidak satu bangsa menginginkan perang tetapi kalau seandainya harus seberapa kuat persenjataan kita? pr lain di samping mbg, swasembada pangan dan energi",Politik,0.9154
TXT1215,mbg hari ini,Lainnya,0.9054
TXT1216,"not to mention that mbg ambil  dana dari anggaran pendidikan. menimbang eksekusinya yang awur-awuran begini, harusnya duit yang dipakai  buat mbg bisa dipakai  buat menyelenggarakan bantuan pendidikan yang lebih luas.",Anggaran,0.9035
TXT1217,"ketololan timothy tidak bisa nutupin kedunguan deddy soal statementya soal mbg, periodt.",Politik,0.8714
TXT1218,"program makan bergizi gratis (mbg) terus memperluas pemerataan akses gizi bagi balita, siswa, dan ibu hamil di seluruh indonesia.",Sasaran Penerima,0.9453
TXT1219,"program mbg tidak hanya harus bersifat konsumtif dengan membagikan makanan gratis, tetapi harus disertai perbaikan tata kelola, evaluasi berkala, dan edukasi yang memadai agar mbg dapat menjadi program transformatif",Tata Kelola,0.9506
TXT1220,"baru kemarin dengerin ibu"" pas lagi jemput anak sekolah kalau  mbg cuma bikin mubajir aja, sudah begitu  tidak ada gizinya sama sekali. apalagi anak"" kelas 1-3 sd yang masih pilih"" makanan. mbg dikasih spaghetti, salak nya busuk, tongkol cabenya bau katanya, belum lagi oreg tempenya asem.",Kualitas Pangan,0.8596
TXT1221,data darimana siee?? siapa  yang ngibulin beliau ini?? berita yang muncul terkait mbg kalau  tidak keracunan ya porsi/menu makan yang sedikit atau tidak layak makan,Kualitas Pangan,0.861
TXT1222,laporan mbg hari ini,Lainnya,0.4976
TXT1223,makan bergizi gratis untuk kesejahteraan rakyat papua,Sasaran Penerima,0.8465
TXT1224,besar apanya orang kamu cut buat funding mbg. kampreett,Anggaran,0.9096
TXT1225,"seharusnya mbg di tiadakan saja, sejahterakan orang tua anak, maka anaknya akan sejahtera. sejahterakan guru nya maka muridnya akan bahagia dan merdeka. tolong perhatikan kebijakannya wahai kalian yang mendapatkan amanah",Sasaran Penerima,0.9476
TXT1226,mbg (makan belatung gratis,Kualitas Pangan,0.8567
TXT1227,naah .. itu jawaban pertanyaan yang di maksud oleh sebab itu pertanyaannya mana ..!?!? program lebih baik sekolah gratis atau makan bergizi gratis kondisi di lapangan mbg dengan menu beracun &amp; belatung,Kualitas Pangan,0.8545
TXT1228,"dan ternyata seluruh program kerakyatan yang di jalankan pemerintahan presiden prabowo subianto saling terkait satu sama lainnya, antara sekolah rakyat dengan koperasi merah putih dan makan bergizi gratis dan bermuara pada satu titik yaitu kesejahteraan rakyat indonesia.",Politik,0.9169
TXT1229,sudah jelas..gara2 mbg yang  secara kebaikan untuk saat ini terlalu memaksakan!bayar bunga hutang! dan masih banyak anak yang  belum bisa sekolah..jadi sepertinya mbg harus distop!,Tata Kelola,0.6376
TXT1230,saya baru akan sedikit suka ke jika program sampah mbg ditiadakan dan anggarannya dialokasikan ke pendidikan.,Anggaran,0.9067
TXT1231,"hebatnya presiden prabowo, tidak cuma janji, langsung realisasikan sppg polri buat mbg",Politik,0.9202
TXT1232,"mau gimana lagi. pemerintah kita berpikir kalau  anak anak bisa pintar  melalui makanan, bukan dari kualitas pendidikan yang  baik. mungkin racikan dapur mbg menunya sudah mengandung rumus &amp; materi pelajaran sekolah. jadi tidak perlu mengandalkan belajar, bisa langsung mudah diserap otak.",Tata Kelola,0.9204
TXT1233,"ini juga, daripada memperbaiki sistem atau sop (standart operasional procedure) mbg, mereka malah menyuruh guru untuk mencicipi makanan yang sudah disediakan. sangat sia-sia untuk melakukan hal ini, karena tidak akan memberikan dampak apapun terhadap mbgnya.",Tata Kelola,0.9486
TXT1234,day 3 dapat  makan bergizi gratis sudah basi kasihan  anak” pada muntah,Kualitas Pangan,0.8604
TXT1235,"kami tidak percaya presiden parasit. ada sebanyak [&gt;3,258 korban keracunan mbg] sejauh ini, mayoritas anak-anak &lt;13 tahun. ini hanya yang  terliput dan tersampaikan. sisanya diabaikan, dianggap remeh, di separuh tempat dibungkam. di negara perut, sejarah ditulis oleh yang kenyang.",Sasaran Penerima,0.5692
TXT1236,yang  dia maksud karena  ada program mbg bukan itu lapangan kerja baru nya wkwkwkwkwk,Ekonomi,0.946
TXT1237,"ya, ada indikasi korupsi dalam program mbg yang berpotensi sebabkan keracunan berulang. kpk temukan dugaan pemangkasan anggaran dan permainan vendor (tempo, kompas maret 2025), sementara ti indonesia &amp; icw soroti risiko sistemik di pengadaan &amp; distribusi, picu kualitas makanan",Tata Kelola,0.9524
TXT1238,"presiden prabowo bawa solusi simple tapi berdampak lewat program mbg, semua siswa senang  dan sehat",Sasaran Penerima,0.9189
TXT1239,belatungnya antek antek asing ini yang  mau menjatuhkan citra program mbg,Kualitas Pangan,0.8625
TXT1240,mbg akan jadi proyek korupsi paling merugikan negara,Anggaran,0.9082
TXT1241,bri dan umkm sinergi majukan ekonomi lokal lewat program makan bergizi gratis,Ekonomi,0.975
TXT1242,lanjutkan mbg!! semoga allah melindungi bapak prabowo!!,Politik,0.9175
TXT1243,"menteri kok 'ngedumelin' presiden di dpr? sblmnya soal ppn, mbg. memang  ngeri. apalagi kalau pak presiden diam  saja.*eh",Politik,0.9157
TXT1244,"partai penguasa pasti ada korupsinya, karena  biaya politik di indonesia sangat besar yang  sekarang apa tidak ada korupsi? karena  kpk sudah dilemahkan. yang  dibutuhkan rakyat kebijakan pemerintah dalam  pengelolaan negara. ikn, kereta cepat, bansos tidak tepat sasaran, mbg buang2 uang berapa  t?",Politik,0.9139
TXT1245,dpr ajak swasta investasi agar mbg di sumatra barat kian optimal,Ekonomi,0.9734
TXT1246,dengan program mbg itu secara tidak langsung prabowo sudah akuin yang  miskin banyak banget.,Sasaran Penerima,0.814
TXT1247,saya di malang kota belum  pernah dengar  ada yang  dapat  mbg,Distribusi,0.9057
TXT1248,program makan bergizi gratis,Lainnya,0.9255
TXT1249,"ini patokannya pasti pakai  mbg. sekali makan 10rb, sehari 2x makan cukup.",Anggaran,0.7239
TXT1250,"sebanyak 854 siswa sekolah dasar di kelurahan jatiwaringin, kecamatan pondok gede, menerima bantuan makanan bergizi dalam program makan bergizi gratis (mbg) yang dilaksanakan pada rabu (31/7). kegiatan ini berlangsung di dapur sehat yayasan salam mughni abadi",Distribusi,0.9042
TXT1251,mbg hari ini,Lainnya,0.9054
TXT1252,menterinya saja  suruh makan mbg. menunya beracun semua!,Kualitas Pangan,0.8605
TXT1253,"seandainya kaga ada korban ,beliau makin kdm saja  profilnya, mbg lah , sebagai narasi kesuksesan demi pencitraan.",Kualitas Pangan,0.8046
TXT1254,"18 umkm bandung siap masuk rantai pasok mbg, didorong naik kelas",Distribusi,0.8916
TXT1255,adekku minggu ini baru dapat  jatah mbg terus katanya semuanya bauu akhirnya dia makan buah sama susunya saja ,Kualitas Pangan,0.8631
TXT1256,"mbg ini akan terus diupayakanoleh beberapa pihak karena merupakan ladang cuaan dari para pemain besar yang  tidak mau luput dari kue besar mbg,300t! pt2 baru bentukan pihak dalam akan dikasih jatah untuk  ini",Sasaran Penerima,0.8908
TXT1257,"mbg 10 rebu, perbandingannya berlipat2, masih tidak nyadar2 pemerintah 🤣🤣, negara sakit memang indonesia ini",Anggaran,0.6206
TXT1258,"polisi amankan sampel menu mbg yang sebabkan siswa keracunan di manokwari ""kita sudah amankan menu makan bergizi berupa nasi, sayur, daging ayam dan pisang,"" kata kepala satuan reserse kriminal polresta manokwari akp raja napitupulu pada jumat (1/8/2025). baca selengkapnya di",Kualitas Pangan,0.8607
TXT1259,"memang nya seluar biasa apa sih meni mbg itu, sampai rakyat tidak terbiasa",Politik,0.9133
TXT1260,"cara tepat penyaluran ""makan bergizi gratis"": 1. uang dari apbn 2. salurkan ke orangtua murid 3. orangtua murid siapkan makanan sehat bergizi sendiri, bahkan bakal ditambah menunya. pemerintahan prabowo tidak bisa mikir simpel mirip  gini? tidak ikhlas saya gaji saya buat biayain mereka!",Distribusi,0.8956
TXT1261,"trauma usai 200 siswa keracunan rendang berbusa di kupang, kini murid yang lain sepakat tolak mbg",Kualitas Pangan,0.8613
TXT1262,"malah mirip  mbg yang kurang matang  perencanaan, by the way itu mbg beritanya berkurang. lancar atau gimana ya?",Tata Kelola,0.9473
TXT1263,hasil mbg,Lainnya,0.9271
TXT1264,"setuju bang. hentikan saja mbg ikn, dan sr alihkan dananya untuk  alutsista. sr untuk  spa? berdayakan saja sekolah negeri, kasih beasiswa untuk  yang  miskin. jauh lebih hemat daripada  bikin gedung baru",Anggaran,0.9063
TXT1265,makan belatung gratis (mbg),Kualitas Pangan,0.8555
TXT1266,tapi  pemuja wowo masih  saja  ngebelain walau anaknya diracun oleh negara lewat  mbg. memang idiot otak pendukung wowo tuh,Politik,0.7795
TXT1267,"kasus meninggal karena  menggugat wamen rangkap jabatan, tom lembong, mbg, wni norak di jepang, negara di jual ke as. mau di tutupin pakai  berita selangkangan artis!! yang  namanya lagi naik naiknya!! yang  nge goreng berita juga buzzer penerintah!! negorone assu!!",Politik,0.9206
TXT1268,kesal  sekali  dengar  mbg keracunan terus. tapi tidak diberhentiin. mau pembunuhan masal ini?,Kualitas Pangan,0.8554
TXT1269,makan bergizi gratis cerdaskan generasi bangsa,Sasaran Penerima,0.948
TXT1270,karyanya ini 1. barter data wni 2. blokir rekening nganggur 3. sita tanah nganggur belum terasa kebijakan pemerintah dirasakan oleh rakyat banyak. mbg pun mandeg. tambah sekarang soal pajak. hanya udara yang belum di kenakan pajak,Politik,0.9086
TXT1271,"akhirnya pikiran negatif para pembenci presiden prabowo sudah mulai terbantahkan, prabowo telah menepati janjinya dimulai dari  program makan bergizi, sekolah rakyat dan koperasi desa merah putih prabowo dongkrak elektabilitas dan kepuasan publik. kecuali kepuasan para pembenci 🫢",Politik,0.9169
TXT1272,geger belatung di makan bergizi gratis di tuban camat tambakboyo ari wibowo waspodo kepada media membenarkan adanya orang yang ada dalam dua video tersebut merupakan merupakan siswa sman 1 dan smkn tambakboyo. &gt;&gt;,Kualitas Pangan,0.8598
TXT1273,"rakyat kenyang dengan  makan beracun gratis ,mbg",Kualitas Pangan,0.8554
TXT1274,"uang mbg, dipindah saja  jadi subsidi bpjs.",Anggaran,0.9014
TXT1275,"orgil ini dahh, saya muakk liat mbg anyink",Lainnya,0.919
TXT1276,tidak merugikan negara? mbg itu tidak rugikan negara? rakyat malah  di racuni makanan sampah..,Anggaran,0.9072
TXT1277,memang  mau anak dia dikasih makan mbg,Lainnya,0.8608
TXT1278,bps kabupaten wonogiri telah menyelenggarakan rapat koordinasi dan evaluasi serta pelatihan petugas survei monitoring dan evaluasi program makan bergizi gratis (baseline). kegiatan ini diselenggarakan pada 24-25 juli 2025 di ruang pertemuan 1 bps kabupaten wonogiri.,Tata Kelola,0.9478
TXT1279,memang pintar  konoha . murid2. ghoib tetap dapat mbg..,Lainnya,0.901
TXT1280,sekolah rakyat gagal mbg gagal mblegedes 🤣🤣,Politik,0.9176
TXT1281,yang  tanya  mbg,Lainnya,0.9215
TXT1282,"duit lagi duit lagi! apa sehh susah nya batalkan saja mbg karena masih ada hal yang lebih penting dari sekedar mbg,yaitu pendidikan,heran sekalidi tentang di mana mana ee malah mbg nya mau di awetkan,kamu saja  yang makan! jangan kasih makan anak orang makanan tersebut!!",Anggaran,0.9038
TXT1283,kamu makan mbg saja ,Lainnya,0.9207
TXT1284,"wkkwkw presiden omon2, data yang  diterima wowo adalah  data tipu2. sini turun ke lapangan, . bilang  ke majikan kamu kalau  mbg program sampah tidak guna",Tata Kelola,0.9473
TXT1285,"tidak kapok-kapok juga, apa cuma dari program mbg dana yang bisa disisihkan..?",Anggaran,0.9051
TXT1286,"temenku juga cerita demikian kaakk tanpa mengurangi rasa hormat &amp; suruh  buat bersyukur, gaji ag mbg lebih  manusiawi menurutku bonusnya kalau  ka sppg nya baik, mitranya juga baik. gaji segitu gede kalau dibanding kerja di rs/upelkes lain semoga semua ag mbg bisa merasakannya",Tata Kelola,0.841
TXT1287,gizi berkualitas bukan soal mahal—tempe dan tahu pun sudah kaya nutrisi! ayo maksimalkan asupan lewat program mbg.”,Kualitas Pangan,0.8404
TXT1288,stop.. stop mbg.. stop.. itu pembodohan publik bahwa itu prigrm bagus padahal rakyat menjerit,Politik,0.9169
TXT1289,"yang  salah sppg nya, mitra mbg. yang  di serang program nya. enak benar  sppg nya.",Tata Kelola,0.686
TXT1290,"seengganya kaga ada program bakar duit mirip  mbg, sama main  judi judian pakai  duit bumn",Anggaran,0.9003
TXT1291,pantas saja mbg dipaksakan ya.,Lainnya,0.6087
TXT1292,"betooll kalau menurutku mbg ini kurang efektif karena  yaa itu tidak semua  anak"" suka jadi tidak kemakan malah kebuang sayang",Kualitas Pangan,0.8569
TXT1293,bukan arahan dari bangun  ini mah. selanjutnya tidak akan begini lagi karena akan dievaluasi terus. lanjutkan mbg,Tata Kelola,0.9217
TXT1294,"prabowo alokasikan rp 1,376 tilian untuk bantuan sosial dan mbg hingga 2026 . prabowo janjikan rp 1,376 t untuk sekolah, makanan, &amp; jembatan hingga 2026! bantuan s",Anggaran,0.9093
TXT1295,minahasa jadi kota berikutnya yang mendapat sosialisasi program mbg,Distribusi,0.8399
TXT1296,"minimal kalau  tidak bisa kasih pendidikan gratis, yang ini tidak usah diusik bapak-bapak yang terhormat, pada punya anak kan? tahu kan sekolah mahal, pas masuk sekolah dikasih mbg malah keracunan, terus anak-anak dapat  apa?",Kualitas Pangan,0.6957
TXT1297,"indonesia warganya sebagian besar menggantungkan hidup dari  usaha hasil bumi, trutama pangan. industri apa yang  bisa dikembangkan dengan  biaya rendah n waktu singkat di kondisi itu? jelas industri pangan. yang  perlu: katalisator supaya  rantai nilai industri itu jalan. disitu mbg berperan.",Ekonomi,0.9749
TXT1298,"oemji terima kasih cimol, saya makan kue saja  ketimbang mbg nanti  keracunan",Kualitas Pangan,0.8595
TXT1299,ini baru bangsa yang besar. btw mayoritas daging halal di dunia itu diimpor dari brazil. meanwhile kita masih struggle buat memenuhi kebutuhan domestik kita sendiri. seharusnya duit mbg itu buat bangun industri peternakan &amp; pertanian mirip  brazil.,Anggaran,0.4933
TXT1300,"maklum ikn, mbg, hilirisasi butuh biaya besar dari mana kalau bukan dari rakyat? ngutang lagi ?",Anggaran,0.9165
TXT1301,"sebanyak 38 persen anak sekolah alami anemia, mbg diklaim berisi zat besi",Kualitas Pangan,0.8202
TXT1302,"sosialisasi program mbg terus digalakkan di banten, pastikan daerah terpencil dapat nutrisi optimal",Distribusi,0.9019
TXT1303,benar-benar  jahat luar visasa rezim sigendut pikun ini. program mbg itu dibuat bodo2in rakyat biar dipilih (ini ambil  minat orang miskin yang  luar biasa jumlahnya). program tahi  yang  lainnya 19jt lapngan kerja (fiktif). asli benar-benar  jahat&amp;gatakut mati ini para pembohong,Politik,0.916
TXT1304,"makan bergizi gratis di siak, pemkab targetkan 50 dapur tersebar di 14 kecamatan",Distribusi,0.8476
TXT1305,"yapping tidak jelas, harusnya orang kaya gini dapat  mbg, kesian.",Kualitas Pangan,0.8558
TXT1306,"sesuai juknis yang pernah saya baca, bangunan buat program mbg berasal dari sewa pakai. itu juga dari tanah tni atau pemda setempat dan sudah berbentuk bangunan jadi. coba konfirm yang jelas, yang nyewa siapa, buat apa, perjanjiannya apa. jangan langsung iya dan tanda tangan",Tata Kelola,0.9429
TXT1307,jangan biasakan berdusta! kecerdasan anak bukan karena mbg. kecerdasan anak di bentuk saat kehamilan hingga anak usia 2 tahun. berilah makanan bergizi di masa² itu. -- jumbo panda justicefortiwi blok m pati semen padang,Sasaran Penerima,0.9496
TXT1308,dengan menu mbg yang  mirip  begitu  sih lebih cocok kalau  ngomongnya “mungkin belum terbiasa makan tidak enak”,Kualitas Pangan,0.8621
TXT1309,itu duit 400t mbg mending alihin ke sini,Anggaran,0.9036
TXT1310,mbg masuk ke anggaran pendidikan ga? 🤭,Anggaran,0.9027
TXT1311,mbg kan makan belatung gratis,Kualitas Pangan,0.8556
TXT1312,"urus dulu mbg biar bisa merata untuk  semua anak bangsa, jangan sok""an jadi pahlawan kesiangan, tetangganya saja  pada ogah nampung! ada apa??",Distribusi,0.9061
TXT1313,mbg --&gt; makan beracun gratis,Kualitas Pangan,0.8524
TXT1314,"3,8 t nih cuy, kecil nih buat negara konoha wkwk, bakar saja  5-7 triliun, setara dana mbg 1 minggu , program tidak jelas arahnya begitu  di tahan dulu 1 bulan sudah bisa bikin lyon jadi kandidat juara eropa",Anggaran,0.9076
TXT1315,mbg tuk tingkatkan gizi anak,Sasaran Penerima,0.9491
TXT1316,"dari sisi cakupan, mbg telah melayani 82 sekolah di bawah naungan dinas pendidikan dan enam sekolah di bawah kementerian agama.",Distribusi,0.8981
TXT1317,because pilihan kamu yang  brengsek itu saya harus muntah muntah 3 hari gara gara mbg,Kualitas Pangan,0.8583
TXT1318,lah coba saja  makan mbg tiap hari? mau ga?,Kualitas Pangan,0.8457
TXT1319,kepanikan melanda sd negeri legok hayam saat 12 siswa diduga keracunan makanan. orang tua melaporkan gejala setelah konsumsi program makanan bergizi gratis. berikut ulasan lengkapnya! via,Kualitas Pangan,0.8641
TXT1320,abis baca mbg auto mundur dulu takut keracunan,Kualitas Pangan,0.8592
TXT1321,"alhamdulillah yaa sekolah khalisa kebagian mbg, terima kasih loohh tapi mon maaf selera anak kan beda2, begitupun kebutuhan gizinya. saya tetap  kasih  sarapan ke khalisa, karena  pasti belum tentu dimakan makanannya. liat teman-teman  khalisa juga sama jarang ada yang  abis makanannya.",Distribusi,0.9062
TXT1322,padahal mbg ini itu  ladang basah buat korup gampang sekali ,Kualitas Pangan,0.8548
TXT1323,"berdasarkan penelitian, program mbg seperti yang disebut wamen stella dapat secara tidak langsung meningkatkan kemampuan matematika dan bahasa inggris siswa melalui nutrisi yang lebih baik, yang mendukung daya ingat, motivasi, dan prestasi belajar. sebagai lulusan harvard,",Sasaran Penerima,0.9442
TXT1324,duit mbg kah,Anggaran,0.9104
TXT1325,"tinggal rakyat, gemoy dengan beban! yang anak-anak gemoy dengan mbg ""bermasalah"". sampai muka saja  ""jadi gemoy"" mirip  bapak di oslo sana. rakyat gemoy dengan sejuta nestapa dan tontonan lucu aparat yang  bertingkah namun anggaran tetap naik layaknya beban pajak yang  dikuras dari rakyat",Anggaran,0.884
TXT1326,bersatu buat memenjarakan tom lembong berdaulat tapi jual data pribadi ke us rakyat sejahtera via phk massal se-indonesia maju ke igd keracunan mbg,Politik,0.9169
TXT1327,impor food tray untuk program mbg tak mencerminkan semangat gerakkan ekonomi lokal,Ekonomi,0.9741
TXT1328,"bisa tidak si ini negara stopin mbg mbg dan segala yang  apa"" di militerin itu ",Politik,0.9177
TXT1329,inilah contoh anak yang  suka makan belatung mbg saat bayi. setelah bisa main hp kelihatan  sekali  terbelakangnya.,Kualitas Pangan,0.8555
TXT1330,"5. pemerintah semakin tidak ngerti prioritas dan mejalankan project yang merugikan mirip  ikn, kereta cepat, mbg. sedangkan hutang negara ujung-ujungnya rakyat yang bayar yang dicekik lewat pajak. 6. melakukan efesiensi hanya ke asn bawah yang  berdampak ke rakyat, tapi dpr ngehedon",Anggaran,0.9177
TXT1331,mbg kak,Lainnya,0.9252
TXT1332,mbg mbadog burger + gedang. dyarawee..,Kualitas Pangan,0.8594
TXT1333,info loker program mbg yang  pertama saja  tidak di publish,Distribusi,0.9075
TXT1334,"mbg seperti  inilah yang  sepatutnya diterapkan. makanan disiapkan di tempat murid2 bersekolah jadi bisa hindari makanan basi karena  distribusi yang  lama juga dapat  diperhitungkan jumlah yang  harus  dimasak, koordinasi juga bisa terarah dengan  baik, resiko keracunan juga bisa diminimalisir",Distribusi,0.896
TXT1335,"masyarakat berharap agar pengelola program mbg lebih transparan sebagaimana harapan bapak presiden prabowo subianto, namun beberapa dapur sppg justru tertutup dalam mengelola program ini, ketertutupan ini tentu menyisakan rasa curiga bagi banyak pihak.",Tata Kelola,0.9465
TXT1336,"kalau  indo yang  perang, musuhnya diajak makan mbg dulu nnti, biar pada  keracunan",Kualitas Pangan,0.8606
TXT1337,eh mbg kalau  masa yang  matang  anjir,Lainnya,0.8477
TXT1338,mbg = makan burger gratis,Kualitas Pangan,0.8612
TXT1339,"kesalahan noel antara lain dia tidak ikut aktif bersorak-sirak mengglorifikasi pidato2 prabowo yang berapi-api, mengglorifikasi mbg, kmp, danantara, sekolah rakyat, swasembada pangan dan ekonomi maju. dia malah seperti menyerah dengan program prabowo penyediaan 19 jt",Politik,0.9195
TXT1340,"makanya stop mbg, bikin makin mubazir",Lainnya,0.9176
TXT1341,"awalnya ""target adalah pak jokowi dan keluarga"". akhirnya, ""target utama adalah presiden"". sayangnya tidak banyak yang  dapat membaca manuver modus mereka yang  sudah jelas ini padahal warung kopi rakyat sudah pada membahas ini. hingga mbg juga akan disabotase hoax 🤦‍",Politik,0.918
TXT1342,lapas kedungpane panen pakcoy dan sawi caisin untuk kebutuhan mbg,Kualitas Pangan,0.8259
TXT1343,"terjadi lagi, ratusan siswa smp di kupang diduga keracunan usai konsumsi mbg",Kualitas Pangan,0.862
TXT1344,"bukan, zaman ulun sekolah, mana ada mbg",Distribusi,0.9042
TXT1345,"seandainya duit mbg 335t itu buat bidikmisi sama kip, berapa juta jiwa yang  bisa kuliah gratis dan ngubah status ekonomi keluarganya",Anggaran,0.9007
TXT1346,memang  menu mbg yang nasinya berlebih dengan lauk dan sayur sesedikit itu sudah mencukupi nutrisi ?,Kualitas Pangan,0.8591
TXT1347,mbg mana?,Lainnya,0.925
TXT1348,mbg tidak mau niru nih?? eeh tapi bujet ceban saja  begini cara jepang menyajikan makan siang sekolah yang sehat dan lezat cr. stn punya cerita,Kualitas Pangan,0.7865
TXT1349,"wwkwkkw harusnya kalau  memang  mau bikin indonesia jadi lebih baik budget konsumi rapat mentri ya disamakan saja  dengan bajet mbg/orang. jadi tidak banyak duit apbn yang terbuang untuk pembangunan yang lain, itu juga kalau  pintar  dan mau bikin negara jadi lebih baik",Anggaran,0.9033
TXT1350,yang  sekolah cukup mbg ya ..yg makmur konoha hanya pejabat nya kan jancik..,Politik,0.7606
TXT1351,"tingkat keberhasilan mbg masih tinggi, kasus keracunan dalam prosentase masih dalam jumlah toleran. namun demikian, semua pihak telah berkomitmen untuk  mengupayakan yang  terbaik untuk  mbg.",Tata Kelola,0.94
TXT1352,woi tanggung jawab.. 12 anak sdn 032 tembilahan pada koid semua habis makan mbg kamu wok,Sasaran Penerima,0.944
TXT1353,"giving mbg vibes, ""cuma"" nol koma sekian persen korban anak keracunan 🥀",Kualitas Pangan,0.8569
TXT1354,coba ku forward ke mutual sppi yang  banggain mbg itu,Lainnya,0.8132
TXT1355,"bhabinkamtibmas kelurahan gondrong aiptu hary mur yanto bersama babinsa peltu yuyun r dan pihak sekolah monitoring kegiatan pembagian makanan bergizi gratis (mbg) untuk siswa-siswi smpn 32 tangerang, selasa (29/07/2025). sebanyak 965 siswa dari kelas 7 hingga kelas 9 menerima",Distribusi,0.9
TXT1356,cek kesehatan gratis dan mbg langkah menuju indonesia emas 2045. voucher bonus hingga 500ribu,Sasaran Penerima,0.9473
TXT1357,sekolah gini dikasih mbg juga ga? kasih lah biar adil keracunan 1 keracunan semua,Kualitas Pangan,0.8599
TXT1358,cici2 mbg nih,Lainnya,0.9257
TXT1359,"jangan terlalu mendewakan demokrasi yang  penting rakyat kenyang? rakyat yang  mana pak? mbg?? anak beri makan gratis orang tuanya di paksa rodi toh yang  anda beri cuma sekali dikont listrik buat semua rakyat selebihnya sudah buat pekerja formil yang  dibawah umr atau max 3,5jt",Politik,0.913
TXT1360,"dukung program makan bergizi gratis! kami berdiri teguh mendukung program makan bergizi gratis sebagai bentuk nyata perhatian negara terhadap generasi penerus bangsa. anak-anak indonesia berhak tumbuh sehat, cerdas, dan kuat — dimulai dari asupan gizi yang cukup setiap hari.",Sasaran Penerima,0.941
TXT1361,"berdasarkan data terbaru hingga agustus 2025, program mbg telah menjangkau sekitar 20 juta penerima di 38 provinsi, termasuk daerah 3t (terdepan, terluar, tertinggal). namun, implementasi di pelosok terpencil masih menghadapi tantangan logistik dan baru sebagian terealisasi.",Sasaran Penerima,0.9304
TXT1362,"halah, kamu malah masukin mbg kedalam anggaran pendidikan",Anggaran,0.9008
TXT1363,berapa jumlah siswa penerima mbg di riau? berapa total jumlah porsi paket makan perbulan?,Sasaran Penerima,0.9465
TXT1364,"programnya setinggi langit, seolah spektakuler hasilnya. lihat saja mbg.. bubar jalan.",Tata Kelola,0.5064
TXT1365,"anggaran untuk pendidikan 44%nya dialokasikan untuk mbg, ini gimana konsepnya ya? apa tidak melanggar uud 1945 ya?",Anggaran,0.9068
TXT1366,"6 siswa sd keracunan makanan gratis (mbg) di kabupaten manokwari, papua barat. ,",Kualitas Pangan,0.861
TXT1367,"presiden prabowo subianto mengatakan, alokasi anggaran untuk program makan bergizi gratis (mbg) 2026 sebesar rp335 triliun. prabowo mengatakan program ini akan efektif dan memberikan manfaat yang lebih luas bagi masyarakat.",Anggaran,0.9065
TXT1368,enaknya di mana? mensos tidak ada anaknya yang  sekolah? tidak tahu menu mbg dan yang  sering dikeluhkan siswa?,Kualitas Pangan,0.8625
TXT1369,"misalnya, anak-anak diberi pertanyaan mengenai ada berapa jenis jeruk, hingga bahasa inggris-nya. ""kemudian kalau ada nasi, berapa nasi itu, bisa dihitung. jadi begitu  maksudnya,"" ucap dia. :))",Kualitas Pangan,0.8489
TXT1370,mbg buka jalan umkm tembus rantau pasok nasional,Distribusi,0.7736
TXT1371,hidup mbg!! hidup mister bill gates!!,Politik,0.9033
TXT1372,boun mbg bneim tek rizz kaynagim 🥀🥀,Lainnya,0.9239
TXT1373,mbg anjing prabowo tolol,Politik,0.9182
TXT1374,"serius tanya, kita orangtua berhak menolak anak makan mbg atau tidak? sebagai orang tua , yakin masih banyak yang bisa menyedikan makanan jauh lebih bervalue dari  pada mbg ini.",Sasaran Penerima,0.9441
TXT1375,semiskin apa mentri kita sampai bilang makanan mbg itu makanan enak??,Kualitas Pangan,0.8605
TXT1376,mbg is bringing real value 🤩,Ekonomi,0.92
TXT1377,siswa sekolah rakyat terima 3 kali makan bergizi gratis via,Sasaran Penerima,0.9538
TXT1378,"yapping mulu, cobain sendiri sudah makan mbg. sayurnya kek sayur nget-ngetan, nasinya kering, lauknya lebih kecil dari momogi.",Kualitas Pangan,0.8631
TXT1379,"mbok ya mikir, berarti memang  ada yang  salah sama programnya. bukan ganti menu, ganti fendor, ganti yang  icip. udahlah guru gaji 300 ribu disuruh taruhan nyawa buat testing racun mbg",Kualitas Pangan,0.8505
TXT1380,"tidak ada yang  salah dengan  joget gemoy oke gas di awalnya yang  hanya seru seruan. salahnya ketika semua sudah ""nempel"" karena joget gemoy, dia nya tidak actually shows something else yang  bikin wow. apa kek misal sketch pembangunan, kampanye apa gt. malah mbg mbg mbg. jadi kosong joget gemoy nya",Politik,0.8807
TXT1381,"nyatir kamu jadi keinget sesuatu nichh.. antri ambil mbg maksud  nya,kan biasa tuh kalau kek begitu  (ambil mbg) main nya sirkel"" an,apalagi kalau kamu bukan sirkel dari mereka sudah di gusur tuh dari antrian🤣",Lainnya,0.829
TXT1382,mbg memang program unggulan presiden untuk rakyat kecil agar gizi terpenuhi.lanjutkan mbg,Sasaran Penerima,0.9478
TXT1383,"saya setuju program harus bebas korupsi—icw kritik mbg rentan konflik kepentingan kroni prabowo, potensi korupsi triliunan. kdmp juga butuh pengawasan ketat. namun, janji pendidikan &amp; kesehatan gratis sedang direalisasi: cek kesehatan siswa dimulai feb 2025 (kemenkes), pendidikan",Politik,0.9146
TXT1384,program mbg buat anak papua tumbuh sehat &amp; cerdas,Sasaran Penerima,0.95
TXT1385,tunggu sebentar guse lagi otewe antar  mbg kesitu,Lainnya,0.9258
TXT1386,"padahal pas membagikan mbg - hanya di letakkan didalam kantor itu  , terus  .. bu.. mau ambil mbg dari  kelas a, ya.. ambil.. wkwkw",Distribusi,0.9047
TXT1387,"ada sebenarnya  alternatif daripada mbg kalau tujuannya adalah pemenuhan gizi anak, kenapa pemerintah tidak berupaya meningkatkan kesejahteraan rakyat sehingga orang tua anak dapat membeli makanan bergizi ketimbang mbg yang  banyak masalah.",Sasaran Penerima,0.9476
TXT1388,"dapur baru beroperasi di pontianak barat, 3 ribu pelajar dapat mbg tiap hari",Sasaran Penerima,0.8087
TXT1389,"nah ini, padahal di sekolah yang saya ajar kalau anak-anak bawa bekal sendiri lebih mewah ketimbang mbg. dan itu indikasi bahwa orang tua sudah mampu menyediakan bekal anaknya sendiri, kecuali mungkin tempat terpencil atau mereka yang benar tidak mampu",Distribusi,0.8728
TXT1390,"saya vendor dan supplier ayam untuk program mbg,dan hari ini rugi sekitar 40juta dengan tuduhan daging ayam setelah dimasak bau zat kimia duhh aya we sabotase na teh silih gunjing mana nu amplopna badag eta nu menang",Tata Kelola,0.8901
TXT1391,program mbg merupakan langkah pemerintah prabowo-gibran,Politik,0.9158
TXT1392,"iyaa, jadi buat persaingan juga kalau misal tidak dapat mbg bisa berkurang murid baru yang masuk, saingan sama yang negeri kalau negeri dapat mbg duluan. dan murid-murid ini perutnya sudah teruji kayaknya omnivora semua, mana ada yang picky eater 🤣🤣",Sasaran Penerima,0.9197
TXT1393,saya tidak tahu gimana tapi ini buat program mbg ibu menyusui kata teman  ku yang  kerja di sini jadi programnya bukan cuma  mbg anak sekolah,Sasaran Penerima,0.8636
TXT1394,kodim 1430/konut gelar program “makan bergizi gratis” untuk 3.477 siswa dan masyarakat baca selengkapnya di,Sasaran Penerima,0.9503
TXT1395,mbg luu,Lainnya,0.9289
TXT1396,"cetak sawah segera di tindak lanjuti mendukung swasembada pangan,” ungkap emanuel melki. ""poduktifitas pangan kita selama tahun 2024 setara dengan produksi pangan januari sampai dengan juli 2025, surplus ini kita optimalkan untuk program makan bergizi gratis, sedapat mungkin",Ekonomi,0.9701
TXT1397,"benar  tuh contihnya, dari menu mbg murud bisa belajar kata 'maggot'.",Kualitas Pangan,0.8585
TXT1398,"modus korupsi mbg yang sangat mengenyangkan para koruptor. liburan mana ada ke sekolah, sekolah semuanya ditutup saat liburan.",Distribusi,0.8999
TXT1399,tidak apa-apa kamu gantiin mbg mbg itu kak,Lainnya,0.6791
TXT1400,gasabar mbg ya,Lainnya,0.9248
TXT1401,"mbg telah menjangkau 49 persen sasaran ibu hamil, ibu menyusui, dan balita non-paud (3b) pemberian mbg untuk kelompok sasaran tersebut sangat penting karena dapat mencegah stunting. intervensi di 1.00 hari pertama kehidupan (hpk) atau usia 0-2 tahun sangat mempengaruhi",Sasaran Penerima,0.9443
TXT1402,"program mbg menjadi langkah strategis untuk pemenuhan gizi dan mencegah stunting, dalam rangka menuju indonesia emas 2045",Sasaran Penerima,0.9452
TXT1403,produktivitas bangsa berawal dari generasi sehat dan cerdas. mbg hadir wujudkan itu semua.,Sasaran Penerima,0.9271
TXT1404,"benar ini, kalau sekolah libur lalu mbg ikutvlibur maka banyak kelompok yang  rentan tidak dapat cuan.",Distribusi,0.906
TXT1405,program mbg ngaco sangat  gasi anjir,Lainnya,0.9239
TXT1406,"program mbg itu ngebantu banyak orang loh, program itu membawa dampak positif ke ibu hamil, anak anak sekolah, dan para orang tua lanjutkan mbg",Sasaran Penerima,0.9419
TXT1407,"giliran anak-anak keracunan mbg kaga ada sedihnya kamu ndut, malah cuma dianggep angka saja ",Kualitas Pangan,0.8514
TXT1408,"tenang sembari nunggu 19 juta loker, kita bisa mbg dolo",Lainnya,0.7344
TXT1409,semangat indonesia emas btw hari  ini tidak ada mbg woyh,Distribusi,0.9011
TXT1410,"kak i feel ur pain. teman  saya ahli gizi di salah satu mbg. mitranya sok sangat  ngatur2 menu padahal yang  ngurusin kandungan gizi itu haknya ahli gizi. terus  proses haccp itu harus berjalan kan yaa, lah ini penerimaan sampai distribusi sering sangat  diganggu. cctv tidak ada, lantai dapur-",Tata Kelola,0.9382
TXT1411,nayeon mbg,Lainnya,0.9254
TXT1412,tidak sabar mau baca berita tentang korupsi anggaran mbg,Anggaran,0.9115
TXT1413,"makasih motivasinya korban mbg, makasih sudah ngejawab asbun pas first meet pas pramuka kelas  10",Lainnya,0.6608
TXT1414,sekolah ku dikasih snack lumayan banyak kaa buat gantiin mbg. padahal tidak bergizi,Kualitas Pangan,0.8112
TXT1415,"jangan bayar pajak. yang sudah jelas itu hak milik kita. efek dari pajak naik, potensi makanan/minuman memburuk. contoh: ""es teh"" akibat gula mahal tentu rasa es teh berkurang. efek nya ya tetap ke rakyat miskin. terus  apa guna bumn? mbg: ""makanan busuk gitu"".",Kualitas Pangan,0.8304
TXT1416,pemerintah siapkan skema khusus makan bergizi gratis di sekolah rakyat,Distribusi,0.8826
TXT1417,kenyang dengan mbg (makan beracun gratis)?,Kualitas Pangan,0.8538
TXT1418,"buat bayi saja dimaling, apalagi buat anak-anak. kalau sampai mbg tidak dikorupsi, sebaiknya indonesia segera dibubarkan. karena itu menyalahi tujuan awal mbg yang diubah dari makan siang gratis. diubah namanya, korupsinya tetap harus sesuai petunjuk awal.",Tata Kelola,0.9447
TXT1419,"program makan bergizi capai 5,58 juta warga, setara penduduk singapura",Sasaran Penerima,0.9491
TXT1420,setidaknya kalau anies atau ganjar yang naik kaga akan  ada program gajetot mirip  mbg,Politik,0.803
TXT1421,"setuju, kalau diperhatiin lebih rinci anggaran 2026 ini bukan cuma soal mbg saja  kok, banyak kesinambungan dari program sebelumnya juga",Anggaran,0.9115
TXT1422,bagaimana dengan pejabat yang merugikan negara? mbg tidak termasuk merugikan negara?,Anggaran,0.9033
TXT1423,"berita bohong anjir, saudara  saya kerja di tempat mbg..katanya dia di liburkan 1bln karena  sekolah kan pada libur",Distribusi,0.905
TXT1424,"seenak apa sih mbg lu, makanan basi saja  di bilang enak",Kualitas Pangan,0.8607
TXT1425,shalawat sambil nuang sianida apa jadi tidak beracun mbg nya🤔,Kualitas Pangan,0.8592
TXT1426,"dulu kepikirannya program mbg ini akan mengganggu beberapa stok bahan pangan, karena rebutan dengan  publik, tapi sekarang dengan  melihat kelakuan pengelola mbg, jadi curiga ini akan membuka keran import, buat jadi bancakan lagi beberapa pihak yang  saat ini bancakan juga di program mbg",Tata Kelola,0.9517
TXT1427,menyesuaikan bicara2 tamatan sltp wapres. bahasa indonesia tinggi tidak  ngarti wapres. ada menteri sebut makan mbg murid2 cepat tinggi badannya.,Politik,0.9162
TXT1428,"kita semua paham ya negara hutangnya banyak dan butuh uang. tapi selain dari pajak, bisa tidak sih tunjangan anggota legislatif eksekutif di cut juga? mobil dinas innova aja, makan siang setara mbg aja, rumah tidak usah lebar2 toh jarang pulang",Anggaran,0.9053
TXT1429,"masa depan indonesia tidak dibangun dalam semalam. ia dimulai dari satu piring bergizi, dari satu anak yang tumbuh sehat dan kuat. dukung program makan bergizi gratis sekarang.",Sasaran Penerima,0.9493
TXT1430,"dukung program mbg, pemkab bogor perkuat pertanian dan peternakan",Ekonomi,0.9658
TXT1431,"mbg di sekolah anaknya teman  ku, sad food sekali  bjir nuget nya cuma sebiji, tempenya cuma sebiji",Kualitas Pangan,0.8637
TXT1432,"halah kontoll, disini mbg tak lebih dari sekedar dongeng, tak ada sekolah yang  dapat makan gratis",Distribusi,0.913
TXT1433,"anakku tk, kebetulan sekolahnya dapat  mbg. saya tanya tiap makan sama apa abis ga. tapi menu mbg buat sekolahnya kemarin telur  dibalado dan pedas katanya jadi tidak kemakan telornya. sayang sekali  sih jadi ke skip proteinnya karena  pemilihan menu yang  kurang pas untuk anak",Kualitas Pangan,0.8644
TXT1434,mbg juga,Lainnya,0.9243
TXT1435,"daripada buat mbg, mending alutsista kita diupgrade dan diremajakan. berkaca pada iran vs israel, seperti biasa warga profesor kita ngomel2 “kapan kita bisa kaya iran, alutsista kita saja  tua-tua”",Tata Kelola,0.912
TXT1436,"kalian tahu tidak yang  nampan mbg menngandung minyak babi?? terus tulisannya sini  made in indo padahal aslinya diimpor dari  china? sudah gila ngindarin pajak impor, itu becuk gimana ya pas ada barang impor datang  tidak dipajakin??",Kualitas Pangan,0.8564
TXT1437,itu semua dilakukan agar anak anak tetap mendapatkan asupan gizi walaupun sedang libur sekolah lanjutkan mbg,Distribusi,0.9045
TXT1438,"termasuk untuk  mbg?? mbg 335 t, kdmp 80 t. kalau  itu tidak ada sudah  hemat 400 t pak. bapak tinggal tarek 400 t aja. oh ya,, sama kena tarif as 19 %, beli pesawat boeing 300 t. harusnya tidak perlu ngutang, kalau  itu semua tidak ada",Anggaran,0.9048
TXT1439,"di hadapan presiden prabowo, kaesang tegaskan dukungan penuh psi untuk sekolah rakyat dan makan bergizi gratis",Politik,0.9162
TXT1440,"kembali terjadi, keracunan mbg coreng program baik pemerintah",Kualitas Pangan,0.8568
TXT1441,menu mbg day 2 lumayan ada tempe tapi ayamnya keras masih enakan ayam mb kantin,Kualitas Pangan,0.8627
TXT1442,"makasih prabowo, 7 bulan kerja di tahun ini isinya ngubek anggaran tidak selesai  selesai  gara gara mbg sialan kamu 🫵",Anggaran,0.9076
TXT1443,bri dukung umkm katering pemasok program mbg berdayakan ratusan karyawan,Ekonomi,0.9418
TXT1444,sekolah saya  pun belum dapat  mbg,Distribusi,0.9039
TXT1445,"badan gizi nasional (bgn) diminta untuk mengubah teknis pola pembagian jatah makan bergizi gratis (mbg) dengan melibatkan pihak sekolah, untuk mencegah kasus keracunan yang terus terjadi dan menimpa anak-anak sekolah.",Tata Kelola,0.9391
TXT1446,"insulated tuh yang  ada karetnya ya berarti? luarnya plastik gtu? sepertinya  pernah liat.. kalau maksudmu yang  tidak kek tempat makan mbg yang  besi kabeh, yep sepertinya  ku mau  cari  itu. tapi kaca juga pakai  sense sihh, tar liat yang  murah saja  yang  mana kali yak? thanks ya jawabannya",Kualitas Pangan,0.835
TXT1447,"proyek yang memerlukan anggaran rp466 triliun itu, sulit berjalan dengan baik, karena menguras anggaran negara dalam jumlah jumbo. ladang korupsi? mirip mbg nya pragib? tapi kejaksaan ngacir, tidak kan berani sentuh kan ? glodok!",Anggaran,0.9108
TXT1448,"mbg ini penerapannya tidak merata btw, di daerahku dari  sd sampai  sma gadaa",Distribusi,0.9013
TXT1449,"kalau bandingkan  sama orba kapan mau maju dan emas nya, mas kita hidup di saat ini. just reminder ada janji 19 juta lapangan pekerjaan baru. tapi masih fokus besar di mbg. apa ini alasan pendidikan diubah ke prioritas pendukung, biar tidak makin banyak sarjana dan pesaing kerja?",Politik,0.9119
TXT1450,"jadi, nyicipnya seporsi dan nunggu reaksi gejala keracunan muncul baru diberikan ke siswa atau bagaimana  ya.. kalau mau tetap ada mbg ya dapur di tiap sekolah deh. tiap hari mirip  hajatan, jangan lupa mainkan musik biar yang  kerja tidak ngantuk. efeknya berisik ke kelas.",Kualitas Pangan,0.8677
TXT1451,solusinya mbg,Lainnya,0.6769
TXT1452,mbg untuk masyarakat! bagaimana menurutmu? sampaikan pendapatmu di kolom komentar!,Sasaran Penerima,0.9373
TXT1453,"im so mad karena kebanyakkan yang pilih  beliau ""generasi muda"".. kek padahal banyak sekali  omon-omonnya. tapi pas debat beliau bahkan tidak bahas itu dan malah ke mbg.. indonesia cemas is real plis. karena pemilih yang pilih  karena kasihan  dan ""gemoy"" dampaknya ke satu negara.",Politik,0.9152
TXT1454,kapan nih mau ada mbg challenge buat pejabat² &amp; keluarganya? biar yang pada mendukung &amp; memuji² ikut merasakan apa yang didukungnya. dan makanannya harus yang sama mirip  anak² ini. jangan dibedain.,Kualitas Pangan,0.7923
TXT1455,"mbg ini program yang tidak well prepared, dari 2 minggu sebelum ini rilis by presiden, saya ditawarin jadi vendor dan meeting zoom dengan  bangun  pusat. dari segalanya saja  sudah kelihatan tidak well prepared itu kenapa banyak keracunan, lagi  itu banyak yang main ‘pelicin’",Tata Kelola,0.9421
TXT1456,kepala bangun  bantah mbg diganti cemilan karena anggaran ditahan,Anggaran,0.9079
TXT1457,"bhabinkamtibmas polsek ciledug melaksanakan monitoring dan pemantauan pendistribusian makanan bergizi gratis (mbg) dari satuan pelayanan pemenuhan gizi (sppg) di salah satu sekolah wilayah kelurahan karang timur, kecamatan karang tengah, kota tangerang",Distribusi,0.9031
TXT1458,"program makan bergizi gratis (mbg) yang merupakan program unggulan presiden prabowo subianto bukan hanya untuk sekedar pemenuhan hak dasar anak indonesia atas mendapatkan gizi yang layak, namun juga terbukti menjadi pemicu percepatan perputaran ekonomi nasional atas terlibatnya",Ekonomi,0.9516
TXT1459,mbg mending dibuat setiap sebulan 4-10x saja….,Distribusi,0.5885
TXT1460,"menu mbg di daerah utamakan gizi seimbang, bervariasi agar siswa tak bosan",Kualitas Pangan,0.8574
TXT1461,"semua karena yang cuma omon-omon. kepala bangun  dipimpin sama manusia on on, yang kinerjanya patut dipertanyakan, (harusnya cepat diganti untuk menghindari bertambahnya korban.) bangun  ini bertanggungjawab atas program andalan prabowo (mbg), gara"" kepala bangun  tidak pecus kerja,",Politik,0.4659
TXT1462,coba tiap hari mereka nihh disuguhi mbg,Distribusi,0.9022
TXT1463,"kalau begitu  tolong wapres, para menteri, gubernur, bupati, walkot, dpr, diberi program mbg pak..",Politik,0.9174
TXT1464,hentikan program mbg mu ini. evaluasi menyeluruh dulu. jadi orang tua jangan bebal.,Tata Kelola,0.9497
TXT1465,"ada penyunatan anggaran kah atau sabotase??lebih pas orangtua  murid yang  mengelola mbg.mekanisme dan pengawasan tidak seribet dikelola vendor.vendor cri cuan beda ma ortu,ayam/daging busuk tidak akan dikasih anaknya.kecuali mbg ini memang disetting untuk  kerjaan sampingan pendukung yang  serakah",Tata Kelola,0.9458
TXT1466,"mbg gratis untuk anak sekolah tetap berjalan meski hari libur sekolah, lantas yang akan makan siapa? bukti sebodo amat program kurang kajian dari belanja anggaran. . apakah hal ini termasuk sebab gerindra geram dengan kinerja menteri kabinet pres. prabowo..?",Distribusi,0.8817
TXT1467,prestasi meningkat ya gara2 belajar giat. mbg ra sepira ngomonge ra kira2.,Sasaran Penerima,0.4881
TXT1468,sehebat dan seenak apa sih pak mbg yang cuma 10rb rupiah itu. gizinya pun dipertanyakan..??!!,Kualitas Pangan,0.8504
TXT1469,"menurut saya sih ya, ibarat agama, kalau  pemuka agamanya yang  tidak bener, sampai umatnya mabok keracunan agama, bukan berarti kalian bubarin agamanya kan? terus  kalau  program mbg ada anak yang  keracunan, bukannya vendornya yang  salah? bisa ganti vendor kan? penjarain yang  bikin keracunan.",Tata Kelola,0.9485
TXT1470,"mbg bukan sekadar program, tapi bentuk kepedulian yang makin detail",Tata Kelola,0.9481
TXT1471,dari program unggulan mbg saja  sudah aneh yang  pilih  cuma karena dikasih makan siang gratis dipilih.,Tata Kelola,0.8767
TXT1472,kasih  mbg dan sr merasa sudah berhasil mengentaskan kemiskinan!,Sasaran Penerima,0.9398
TXT1473,"palagi kalau orangy fufufafa masih  ada di mbg itu, auto jadi kambing itam 2029. relawan samsul kan sudah cetak buku untuk  capres 2029 🤣🤣",Politik,0.9128
TXT1474,seatplan cepett atau saya  doain makan siang kamu sekelas sama mbg,Lainnya,0.9235
TXT1475,mengurangi kemiskinan salah satunya pendidikan..kok malah program mbg ruwet yang  dilakukan wowo? tidak jelas.duit triliunan cuma jadi tai..,Anggaran,0.9114
TXT1476,"efisiensi anggaran pempus yang  serampangan demi proyek2 berbiaya tinggi seperti mbg, kopdes merah putih, penambahan batalyon, pembelian alutsista dan pendirian danantara yang membuat deviden tak masuk penerimaan negara.. menyebabkan pemda tak lagi mendapat alokasi dana alokasi",Anggaran,0.9054
TXT1477,legislator demokrat: kolaborasi program ckg dan mbg untuk generasi emas,Sasaran Penerima,0.9442
TXT1478,mbg bukan,Lainnya,0.9226
TXT1479,"dari total anggaran, rp335 triliun atau sekitar 44 persen diserap untuk mbg. angka ini melonjak hingga 371,8 persen dibanding tahun sebelumnya yang hanya sekitar rp71 triliun (bisniscom, 16/8/2025).",Anggaran,0.909
TXT1480,ngitungin mbg? how bad is it?,Kualitas Pangan,0.735
TXT1481,mendag ri tinjau proses pelaksanaan makan bergizi gratis (mbg) di batam lewat .id,Distribusi,0.5104
TXT1482,"memang  gajelas, sekolah ade saya  saja  besok disuruh masuk katanya buat ambil mbg seminggu, nanti minggu depannya hari senin masuk lagi  buat ambil mbg juga",Distribusi,0.9017
TXT1483,"kok mereka bukan diapresiasi demi memperbaiki pelayanan mbg bagi vendor dan pemerintah selaku operator, justru malah anak anak dijadikan objek pesakitan seolah mereka berbuat sesuatu yang  amoral. gimana sekolah bisa menghasilkan manusia bermoral kalau  gurunya saja  dis-moral!",Tata Kelola,0.9415
TXT1484,mbg masih mau lanjutkah?,Lainnya,0.6829
TXT1485,hasilnya : 1. noel 2. bahlul 3.ara - ara 4. rakyat beban pajak nya sana sini.. dpr pajak nya dibayarin rakyat. 5.mbg dengan  keracunan masaal apa yang  mau dilihat?,Anggaran,0.9128
TXT1486,"saya  pun berpikiran sama, masa serentak di beberapa  daerah pajak dinaikkan berkali lipat, sangat masuk akal ini perintah dari  atas, mengingat tingginya bunga utang, mbg mandek tidak ada duit, efisiensi anggaran yang  tidak efektif, coba cek masing² didaerahnya bung",Anggaran,0.9004
TXT1487,bau tengik ini mbg,Lainnya,0.9236
TXT1488,"nih katanya makanan bergizi gratis yang  ternyata membuat anak anak keracunan, bagaimana mau jadi anak pintar kalau makanan yang  katanya bergizi ternyata kedaluwarsa, kalau belum siap ya tunda dulu mbg nya",Kualitas Pangan,0.8622
TXT1489,2 minggu lalu adikku yang  masi kelas 1 sd temu  ulat di buah mbg lupa buah apaa,Kualitas Pangan,0.8619
TXT1490,41.gibran: “manusia yang  tidak pakai ai akan kalah dengan yang  pakai ai.” 42. hasyim (kpu): “lg batal investasi rp130 triliun? kita serahkan ke tuhan.” 43. prabowo: “yg keracunan mbg hanya 200 anak” – padahal data lapangan mencatat hingga &gt; 100 anak. 44. luhut ke pengkritik gibran:,Politik,0.7631
TXT1491,"nusantara - smp muhammadiyah 3 mlati, sleman, untuk sementara waktu menghentikan distribusi mbg (program makan bergizi gratis).",Distribusi,0.8969
TXT1492,"pemerintah masih sibukk urus mbg yang  tidak jelas?? lee janji 19jt lapangan kerja piye?? 10 provinsi dengan tingkat pengangguran tertinggi, dki jakarta urutan 6 -",Politik,0.9012
TXT1493,loh kan sudah dari kemarin2 sejak animasi ai gemoy prabs dan animasi mbg 🤣,Lainnya,0.9227
TXT1494,seminggu terjadi 2 kali temuan belatung dalam sajian mbg di kota ambon via,Kualitas Pangan,0.8577
TXT1495,besar untuk mbg anjing,Sasaran Penerima,0.7552
TXT1496,"usut punya usut, katanya dia lagi coba  supplier baru, dan ternyata hasilnya sub-optimal. singkatnya, itu yang sudah pasti profit making, yang  jualan kita kenal lho (ortu murid juga). reach outnya gampang. gimana sekelas mbg yang sifatnya massive, dan bersangkutan dengan politik?",Tata Kelola,0.8927
TXT1497,jadi tujuan mbg agar anak kuat racun dalam makanan yah..,Kualitas Pangan,0.8575
TXT1498,"program mbg di kabupaten magetan butuh 30 dapur, baru tersedia 9 dapur.",Distribusi,0.8599
TXT1499,mbg fish n chip+roti+susu+pisang kenyangpol🤤🤤,Kualitas Pangan,0.8547
TXT1500,iyalah.. apa itu mbg 10rb 🤣🤣,Anggaran,0.5233
